left_compound,right_compound,left_smiles,right_smiles,tanimoto_similarity,left_pchembl,right_pchembl,delta_pchembl,left_label,right_label
CHEMBL4860352,CHEMBL5399871,COc1ccc(S(=O)(=O)N(CC(C)C)C[C@@H](O)[C@H](Cc2ccccc2)NC(=O)[C@@H]2CCCCN2)cc1,COc1ccc(S(=O)(=O)N(CC(C)C)C[C@@H](O)[C@H](Cc2ccccc2)NC(=O)[C@H]2CCCN2)cc1,0.9538461538461539,9.48,4.4,5.08,1.0,0.0
CHEMBL290331,CHEMBL297133,NC(=O)c1cccc(CN2C(=O)N(Cc3cccc(N)c3)[C@H](Cc3ccccc3)[C@H](O)[C@H]2CCc2ccccc2)c1,NC(=O)c1cccc(CN2C(=O)N(Cc3cccc(C(N)=O)c3)[C@@H](Cc3ccccc3)[C@@H](O)[C@@H]2CCc2ccccc2)c1,0.9019607843137255,10.22,5.32,4.9,1.0,0.0
CHEMBL284340,CHEMBL297133,NC(=O)c1cccc(CN2C(=O)N(Cc3cccc(C(N)=O)c3)[C@H](Cc3ccccc3)[C@H](O)[C@H]2CCc2ccccc2)c1,NC(=O)c1cccc(CN2C(=O)N(Cc3cccc(C(N)=O)c3)[C@@H](Cc3ccccc3)[C@@H](O)[C@@H]2CCc2ccccc2)c1,1.0,10.06,5.32,4.74,1.0,0.0
CHEMBL4852584,CHEMBL5418270,CC(C)CN(C[C@@H](O)[C@H](Cc1ccccc1)NC(=O)[C@@H]1CCCNC1)S(=O)(=O)c1ccc(N)cc1,CC(C)CN(C[C@@H](O)[C@H](Cc1ccccc1)NC(=O)[C@H]1CCNC1)S(=O)(=O)c1ccc(N)cc1,0.9047619047619048,9.57,4.9,4.67,1.0,0.0
CHEMBL284942,CHEMBL298120,N=C(NO)c1cccc(CN2C(=O)N(Cc3cccc(/C(N)=N/O)c3)[C@H](CCc3ccccc3)[C@@H](O)[C@H]2Cc2ccccc2)c1,N=C(NO)c1cccc(CN2C(=O)N(Cc3cccc(/C(N)=N\O)c3)[C@@H](CCc3ccccc3)[C@H](O)[C@@H]2Cc2ccccc2)c1,1.0,10.72,6.11,4.61,1.0,
CHEMBL179761,CHEMBL181507,NC(=O)c1cccc(N2C(=O)N(c3cccc(C(N)=O)c3)[C@H](Cc3ccccc3)[C@H](O)[C@H]2CCc2ccccc2)c1,NC(=O)c1cccc(N2C(=O)N(c3cccc(C(N)=O)c3)[C@@H](Cc3ccccc3)[C@@H](O)[C@@H]2CCc2ccccc2)c1,1.0,10.06,5.48,4.58,1.0,0.0
CHEMBL179103,CHEMBL179666,Nc1cc(N2C(=O)N(c3ccc(F)c(N)c3)[C@H](Cc3ccccc3)[C@H](O)[C@H]2CCc2ccccc2)ccc1F,Nc1cc(N2C(=O)N(c3ccc(F)c(N)c3)[C@@H](Cc3ccccc3)[C@@H](O)[C@@H]2CCc2ccccc2)ccc1F,1.0,9.6,5.1,4.5,1.0,0.0
CHEMBL178951,CHEMBL361999,N=C(NO)c1cccc(N2C(=O)N(c3cccc(/C(N)=C\O)c3)[C@H](Cc3ccccc3)[C@H](O)[C@H]2CCc2ccccc2)c1,N=C(NO)c1cccc(N2C(=O)N(c3cccc(/C(N)=C\O)c3)[C@@H](Cc3ccccc3)[C@@H](O)[C@@H]2CCc2ccccc2)c1,1.0,10.74,6.26,4.48,1.0,
CHEMBL290576,CHEMBL21291,O=C1N(Cc2ccccc2)[C@H](Cc2ccccc2)[C@H](O)[C@@H](O)[C@@H](Cc2ccccc2)N1Cc1ccccc1,O=C1N(Cc2ccccc2)[C@@H](Cc2ccccc2)C(O)[C@H](Cc2ccccc2)N1Cc1ccccc1,0.9333333333333333,8.47,4.05,4.420000000000001,1.0,0.0
CHEMBL4852584,CHEMBL5423048,CC(C)CN(C[C@@H](O)[C@H](Cc1ccccc1)NC(=O)[C@@H]1CCCNC1)S(=O)(=O)c1ccc(N)cc1,CC(C)CN(C[C@@H](O)[C@H](Cc1ccccc1)NC(=O)[C@@H]1CCNC1)S(=O)(=O)c1ccc(N)cc1,0.9047619047619048,9.57,5.21,4.36,1.0,0.0
CHEMBL4877646,CHEMBL5419886,COc1ccc(S(=O)(=O)N(CC(C)C)C[C@@H](O)[C@H](Cc2ccccc2)NC(=O)[C@@H]2CCCNC2)cc1,COc1ccc(S(=O)(=O)N(CC(C)C)C[C@@H](O)[C@H](Cc2ccccc2)NC(=O)[C@H]2CCNC2)cc1,0.9104477611940298,10.54,6.22,4.319999999999999,1.0,
CHEMBL120610,CHEMBL21291,O=C1N(Cc2ccccc2)[C@H](Cc2ccccc2)[C@H](O)[C@H](O)[C@@H](Cc2ccccc2)N1Cc1ccccc1,O=C1N(Cc2ccccc2)[C@@H](Cc2ccccc2)C(O)[C@H](Cc2ccccc2)N1Cc1ccccc1,0.9333333333333333,8.22,4.05,4.170000000000001,1.0,0.0
CHEMBL4877646,CHEMBL5402855,COc1ccc(S(=O)(=O)N(CC(C)C)C[C@@H](O)[C@H](Cc2ccccc2)NC(=O)[C@@H]2CCCNC2)cc1,COc1ccc(S(=O)(=O)N(CC(C)C)C[C@@H](O)[C@H](Cc2ccccc2)NC(=O)[C@@H]2CCNC2)cc1,0.9104477611940298,10.54,6.39,4.1499999999999995,1.0,
CHEMBL284314,CHEMBL22057,C=CCN1C(=O)N(CC=C)[C@H](Cc2ccccc2)[C@H](O)[C@@H](O)[C@H]1Cc1ccccc1,C=CCN1C(=O)N(CC=C)[C@@H](Cc2ccccc2)C(O)[C@@H]1Cc1ccccc1,0.9411764705882353,8.309999999999999,4.28,4.0299999999999985,1.0,0.0
CHEMBL170316,CHEMBL170264,O=c1cc(-c2ccccc2)oc(O)c1C(CC1CC1)SC1CCCC1,O=c1cc(-c2ccccc2)oc(O)c1C(CC1CCCC1)SC1CCCCC1,0.9375,10.16,6.27,3.8900000000000006,1.0,
CHEMBL4860352,CHEMBL5421891,COc1ccc(S(=O)(=O)N(CC(C)C)C[C@@H](O)[C@H](Cc2ccccc2)NC(=O)[C@@H]2CCCCN2)cc1,COc1ccc(S(=O)(=O)N(CC(C)C)C[C@@H](O)[C@H](Cc2ccccc2)NC(=O)[C@@H]2CCCN2)cc1,0.9538461538461539,9.48,5.66,3.8200000000000003,1.0,
CHEMBL289195,CHEMBL97544,CC(C)C[C@H](NC(=O)[C@H](Cc1ccccc1)C[C@H](O)[C@H](Cc1ccccc1)NC(=O)OC(C)(C)C)C(=O)N[C@@H](Cc1ccccc1)C(N)=O,CC(C)C[C@@H](NC(=O)[C@H](Cc1ccccc1)C[C@H](O)[C@H](Cc1ccccc1)NC(=O)OC(C)(C)C)C(N)=O,0.9107142857142857,9.3,5.51,3.790000000000001,1.0,
CHEMBL431306,CHEMBL21296,O=C1N(CC2CC2)[C@H](Cc2ccccc2)[C@H](O)[C@@H](O)[C@@H](Cc2ccccc2)N1CC1CC1,O=C1N(CC2CC2)[C@@H](Cc2ccccc2)C(O)[C@H](Cc2ccccc2)N1CC1CC1,0.9411764705882353,8.7,5.05,3.6499999999999995,1.0,0.0
CHEMBL277389,CHEMBL49823,O=C1N(Cc2cccc(CO)c2)[C@H](CCc2ccccc2)[C@H](O)[C@@H](O)[C@@H](Cc2ccccc2)N1Cc1cccc(CO)c1,O=C1N(Cc2cccc(CO)c2)[C@@H](CCc2ccccc2)[C@H](O)[C@H](Cc2ccccc2)N1Cc1cccc(CO)c1,0.9534883720930233,9.85,6.26,3.59,1.0,
CHEMBL194856,CHEMBL1791326,CCC(C)[C@@H](NC(=O)[C@@H](NC(=O)CCCCCCCCCCCCCCC(=O)N[C@H](CC(=O)N[C@@H](Cc1ccccc1)C(=O)O)C(N)=O)C(C)O)C(=O)N[C@@H](Cc1ccccc1)C(N)=O,CC[C@H](C)[C@@H](NC(=O)[C@@H](NC(=O)CCCCCCCCCCCCCCC(=O)N[C@H](CC(=O)N[C@@H](Cc1ccccc1)C(=O)O)C(N)=O)[C@H](C)O)C(=O)N[C@@H](Cc1ccc(N)cc1)C(N)=O,0.9193548387096774,8.96,5.44,3.5200000000000005,1.0,0.0
CHEMBL99616,CHEMBL99317,CC(C)CCN(C[C@@H](O)[C@H](Cc1ccccc1)NC(=O)[C@H](CC(N)=O)NC(=O)c1ccc2ccccc2n1)C(=O)NC(C)(C)C,CC(C)CN(C[C@H](O)[C@H](Cc1ccccc1)NC(=O)[C@H](CC(N)=O)NC(=O)c1ccc2ccccc2n1)C(=O)NC(C)(C)C,0.9014084507042254,8.52,5.0,3.5199999999999996,1.0,0.0
CHEMBL69392,CHEMBL99317,CC(C)CCN(CC(O)[C@H](Cc1ccccc1)NC(=O)[C@H](CC(N)=O)NC(=O)c1ccc2ccccc2n1)C(=O)NC(C)(C)C,CC(C)CN(C[C@H](O)[C@H](Cc1ccccc1)NC(=O)[C@H](CC(N)=O)NC(=O)c1ccc2ccccc2n1)C(=O)NC(C)(C)C,0.9014084507042254,8.52,5.0,3.5199999999999996,1.0,0.0
CHEMBL179250,CHEMBL426424,Nc1cccc(N2C(=O)N(c3cccc(N)c3)[C@H](Cc3ccccc3)[C@H](O)[C@H]2CCc2ccccc2)c1,Nc1cccc(N2C(=O)N(c3cccc(N)c3)[C@@H](Cc3ccccc3)[C@@H](O)[C@@H]2CCc2ccccc2)c1,1.0,8.77,5.32,3.4499999999999993,1.0,0.0
CHEMBL4860374,CHEMBL5418270,CC(C)CN(C[C@@H](O)[C@H](Cc1ccccc1)NC(=O)C1CCNCC1)S(=O)(=O)c1ccc(N)cc1,CC(C)CN(C[C@@H](O)[C@H](Cc1ccccc1)NC(=O)[C@H]1CCNC1)S(=O)(=O)c1ccc(N)cc1,0.9180327868852459,8.26,4.9,3.3599999999999994,1.0,0.0
CHEMBL297493,CHEMBL443260,COC(=O)c1cccc(CN2C(=O)N(Cc3cccc(C(=O)OC)c3)[C@H](Cc3ccccc3)[C@H](O)[C@H]2CCc2ccccc2)c1,COC(=O)c1cccc(CN2C(=O)N(Cc3cccc(C(=O)OC)c3)[C@@H](Cc3ccccc3)[C@@H](O)[C@@H]2CCc2ccccc2)c1,1.0,8.82,5.48,3.34,1.0,0.0
CHEMBL170316,CHEMBL174342,O=c1cc(-c2ccccc2)oc(O)c1C(CC1CC1)SC1CCCC1,O=c1cc(-c2ccccc2)oc(O)c1C(CC1CC1)SC1CCCCC1,0.9787234042553191,10.16,6.83,3.33,1.0,1.0
CHEMBL83506,CHEMBL438376,CC(C)(C)NC(=O)[C@@H]1C[C@@H]2CCCC[C@@H]2CN1C[C@@H](O)[C@H](Cc1ccccc1)NC(=O)[C@@H](CC(N)=O)NC(=O)c1ccc2ccccc2n1,CC(C)(C)NC(=O)[C@@H]1C[C@@H]2CCCC[C@@H]2CN1C[C@@H](O)[C@@H](Cc1ccccc1)NC(=O)[C@H](CC(N)=O)NC(=O)c1ccc2ccccc2n1,1.0,9.64,6.32,3.3200000000000003,1.0,
CHEMBL290576,CHEMBL359098,O=C1N(Cc2ccccc2)[C@H](Cc2ccccc2)[C@H](O)[C@@H](O)[C@@H](Cc2ccccc2)N1Cc1ccccc1,O=C1N(Cc2ccccc2)[C@H](Cc2ccccc2)[C@@H](O)[C@H](O)[C@H](Cc2ccccc2)N1Cc1ccccc1,1.0,8.47,5.17,3.3000000000000007,1.0,0.0
CHEMBL109952,CHEMBL58998,O=C(N[C@H]1c2ccccc2C[C@H]1O)[C@H](Cc1ccccc1)CC(O)C[C@@H](Cc1ccccc1)C(=O)N[C@H]1c2ccccc2C[C@H]1O,O=C(N[C@H]1c2ccccc2C[C@H]1O)[C@H](Cc1ccccc1)C[C@H](O)Cc1ccccc1,0.9333333333333333,9.16,5.92,3.24,1.0,
CHEMBL342135,CHEMBL58998,O=C(NC1c2ccccc2C[C@@H]1O)[C@H](Cc1ccccc1)CC(O)C[C@@H](Cc1ccccc1)C(=O)NC1c2ccccc2C[C@@H]1O,O=C(N[C@H]1c2ccccc2C[C@H]1O)[C@H](Cc1ccccc1)C[C@H](O)Cc1ccccc1,0.9333333333333333,9.16,5.92,3.24,1.0,
CHEMBL300050,CHEMBL115376,CC[C@H](C)[C@H](NC(=O)[C@H]1CCCN1C[C@H](O)[C@H](Cc1ccccc1)NC(=O)[C@H](CC(N)=O)NC(=O)[C@H](CC(C)C)NC(=O)[C@H](CO)NC(C)=O)C(=O)N[C@H](C(=O)OC)C(C)C,CC[C@H](C)[C@H](NC(=O)[C@@H]1CCCN1CC(O)[C@H](Cc1ccccc1)NC(=O)[C@H](CC(N)=O)NC(=O)[C@H](CC(C)C)NC(=O)[C@H](CO)NC(C)=O)C(=O)OC,0.9186046511627907,9.62,6.38,3.2399999999999993,1.0,
CHEMBL300050,CHEMBL3143739,CC[C@H](C)[C@H](NC(=O)[C@H]1CCCN1C[C@H](O)[C@H](Cc1ccccc1)NC(=O)[C@H](CC(N)=O)NC(=O)[C@H](CC(C)C)NC(=O)[C@H](CO)NC(C)=O)C(=O)N[C@H](C(=O)OC)C(C)C,CC[C@H](C)[C@H](NC(=O)[C@@H]1CCCN1C[C@H](O)[C@H](Cc1ccccc1)NC(=O)[C@H](CC(N)=O)NC(=O)[C@H](CC(C)C)NC(=O)[C@H](CO)NC(C)=O)C(=O)OC,0.9186046511627907,9.62,6.38,3.2399999999999993,1.0,
CHEMBL300050,CHEMBL444834,CC[C@H](C)[C@H](NC(=O)[C@H]1CCCN1C[C@H](O)[C@H](Cc1ccccc1)NC(=O)[C@H](CC(N)=O)NC(=O)[C@H](CC(C)C)NC(=O)[C@H](CO)NC(C)=O)C(=O)N[C@H](C(=O)OC)C(C)C,CC[C@H](C)[C@H](NC(=O)[C@H]1CCCN1C[C@H](O)[C@H](Cc1ccccc1)NC(=O)[C@H](CC(N)=O)NC(=O)[C@H](CC(C)C)NC(=O)[C@H](CO)NC(C)=O)C(=O)OC,0.9186046511627907,9.62,6.38,3.2399999999999993,1.0,
CHEMBL3349485,CHEMBL115376,CC[C@H](C)[C@H](NC(=O)[C@@H]1CCCN1C[C@@H](O)[C@H](Cc1ccccc1)NC(=O)[C@H](CC(N)=O)NC(=O)[C@H](CC(C)C)NC(=O)[C@H](CO)NC(C)=O)C(=O)N[C@H](C(=O)OC)C(C)C,CC[C@H](C)[C@H](NC(=O)[C@@H]1CCCN1CC(O)[C@H](Cc1ccccc1)NC(=O)[C@H](CC(N)=O)NC(=O)[C@H](CC(C)C)NC(=O)[C@H](CO)NC(C)=O)C(=O)OC,0.9186046511627907,9.62,6.38,3.2399999999999993,1.0,
CHEMBL3349485,CHEMBL3143739,CC[C@H](C)[C@H](NC(=O)[C@@H]1CCCN1C[C@@H](O)[C@H](Cc1ccccc1)NC(=O)[C@H](CC(N)=O)NC(=O)[C@H](CC(C)C)NC(=O)[C@H](CO)NC(C)=O)C(=O)N[C@H](C(=O)OC)C(C)C,CC[C@H](C)[C@H](NC(=O)[C@@H]1CCCN1C[C@H](O)[C@H](Cc1ccccc1)NC(=O)[C@H](CC(N)=O)NC(=O)[C@H](CC(C)C)NC(=O)[C@H](CO)NC(C)=O)C(=O)OC,0.9186046511627907,9.62,6.38,3.2399999999999993,1.0,
CHEMBL3349485,CHEMBL444834,CC[C@H](C)[C@H](NC(=O)[C@@H]1CCCN1C[C@@H](O)[C@H](Cc1ccccc1)NC(=O)[C@H](CC(N)=O)NC(=O)[C@H](CC(C)C)NC(=O)[C@H](CO)NC(C)=O)C(=O)N[C@H](C(=O)OC)C(C)C,CC[C@H](C)[C@H](NC(=O)[C@H]1CCCN1C[C@H](O)[C@H](Cc1ccccc1)NC(=O)[C@H](CC(N)=O)NC(=O)[C@H](CC(C)C)NC(=O)[C@H](CO)NC(C)=O)C(=O)OC,0.9186046511627907,9.62,6.38,3.2399999999999993,1.0,
CHEMBL305731,CHEMBL99317,CC(C)CN(CC(O)[C@H](Cc1ccccc1)NC(=O)[C@H](CC(N)=O)NC(=O)c1ccc2ccccc2n1)C(=O)NC(C)(C)C,CC(C)CN(C[C@H](O)[C@H](Cc1ccccc1)NC(=O)[C@H](CC(N)=O)NC(=O)c1ccc2ccccc2n1)C(=O)NC(C)(C)C,1.0,8.22,5.0,3.2200000000000006,1.0,0.0
CHEMBL322241,CHEMBL99317,CC(C)CN(C[C@@H](O)[C@H](Cc1ccccc1)NC(=O)[C@H](CC(N)=O)NC(=O)c1ccc2ccccc2n1)C(=O)NC(C)(C)C,CC(C)CN(C[C@H](O)[C@H](Cc1ccccc1)NC(=O)[C@H](CC(N)=O)NC(=O)c1ccc2ccccc2n1)C(=O)NC(C)(C)C,1.0,8.22,5.0,3.2200000000000006,1.0,0.0
CHEMBL298316,CHEMBL135948,CC(C)(C)OC(=O)N[C@@H](Cc1ccccc1)[C@@H](O)C[C@@H](Cc1ccc(O)cc1)C(=O)N[C@H]1c2ccccc2C[C@H]1O,CC(C)(C)OC(=O)N[C@@H](Cc1ccccc1)C(O)C[C@@H](Cc1ccccc1)C(=O)N[C@H]1c2ccccc2C[C@H]1O,0.9193548387096774,9.8,6.6,3.200000000000001,1.0,1.0
CHEMBL318531,CHEMBL135948,CC(C)(C)OC(=O)N[C@@H](Cc1ccccc1)[C@@H](O)C[C@@H](Cc1ccc(O)cc1)C(=O)N[C@@H]1c2ccccc2C[C@H]1O,CC(C)(C)OC(=O)N[C@@H](Cc1ccccc1)C(O)C[C@@H](Cc1ccccc1)C(=O)N[C@H]1c2ccccc2C[C@H]1O,0.9193548387096774,9.8,6.6,3.200000000000001,1.0,1.0
CHEMBL138300,CHEMBL135948,CC(C)(C)OC(=O)N[C@@H](Cc1ccccc1)[C@@H](O)C[C@@H](Cc1ccc(O)cc1)C(=O)NC1c2ccccc2C[C@@H]1O,CC(C)(C)OC(=O)N[C@@H](Cc1ccccc1)C(O)C[C@@H](Cc1ccccc1)C(=O)N[C@H]1c2ccccc2C[C@H]1O,0.9193548387096774,9.8,6.6,3.200000000000001,1.0,1.0
CHEMBL194856,CHEMBL1791324,CCC(C)[C@@H](NC(=O)[C@@H](NC(=O)CCCCCCCCCCCCCCC(=O)N[C@H](CC(=O)N[C@@H](Cc1ccccc1)C(=O)O)C(N)=O)C(C)O)C(=O)N[C@@H](Cc1ccccc1)C(N)=O,CC[C@H](C)[C@@H](NC(=O)[C@@H](NC(=O)CCCCCCCCCCCCCCC(=O)N[C@H](CC(=O)N[C@@H](Cc1ccccc1)C(=O)O)C(N)=O)[C@H](C)O)C(=O)N[C@H](Cc1ccc(Br)cc1)C(N)=O,0.9047619047619048,8.96,5.77,3.1900000000000013,1.0,
CHEMBL71928,CHEMBL99268,CC(C)CN(CC(O)[C@H](Cc1ccccc1)NC(=O)[C@H](CC(N)=O)NC(=O)OCc1ccccc1)C(=O)NC(C)(C)C,CC(C)CN(C[C@H](O)[C@H](Cc1ccccc1)NC(=O)[C@H](CC(N)=O)NC(=O)OCc1ccccc1)C(=O)NC(C)(C)C,1.0,7.46,4.27,3.1900000000000004,1.0,0.0
CHEMBL99211,CHEMBL99268,CC(C)CN(C[C@@H](O)[C@H](Cc1ccccc1)NC(=O)[C@H](CC(N)=O)NC(=O)OCc1ccccc1)C(=O)NC(C)(C)C,CC(C)CN(C[C@H](O)[C@H](Cc1ccccc1)NC(=O)[C@H](CC(N)=O)NC(=O)OCc1ccccc1)C(=O)NC(C)(C)C,1.0,7.46,4.27,3.1900000000000004,1.0,0.0
CHEMBL298316,CHEMBL2092982,CC(C)(C)OC(=O)N[C@@H](Cc1ccccc1)[C@@H](O)C[C@@H](Cc1ccc(O)cc1)C(=O)N[C@H]1c2ccccc2C[C@H]1O,CC(C)(C)OC(=O)N[C@@H](Cc1ccccc1)[C@@H](O)C[C@@H](Cc1ccccc1)C(=O)N[C@H]1c2ccccc2C[C@@H]1O,0.9193548387096774,9.8,6.615,3.1850000000000005,1.0,1.0
CHEMBL318531,CHEMBL2092982,CC(C)(C)OC(=O)N[C@@H](Cc1ccccc1)[C@@H](O)C[C@@H](Cc1ccc(O)cc1)C(=O)N[C@@H]1c2ccccc2C[C@H]1O,CC(C)(C)OC(=O)N[C@@H](Cc1ccccc1)[C@@H](O)C[C@@H](Cc1ccccc1)C(=O)N[C@H]1c2ccccc2C[C@@H]1O,0.9193548387096774,9.8,6.615,3.1850000000000005,1.0,1.0
CHEMBL138300,CHEMBL2092982,CC(C)(C)OC(=O)N[C@@H](Cc1ccccc1)[C@@H](O)C[C@@H](Cc1ccc(O)cc1)C(=O)NC1c2ccccc2C[C@@H]1O,CC(C)(C)OC(=O)N[C@@H](Cc1ccccc1)[C@@H](O)C[C@@H](Cc1ccccc1)C(=O)N[C@H]1c2ccccc2C[C@@H]1O,0.9193548387096774,9.8,6.615,3.1850000000000005,1.0,1.0
CHEMBL46114,CHEMBL135948,CC(C)(C)OC(=O)N[C@@H](Cc1ccccc1)[C@@H](O)C[C@@H](Cc1ccc(CO)cc1)C(=O)N[C@H]1c2ccccc2C[C@H]1O,CC(C)(C)OC(=O)N[C@@H](Cc1ccccc1)C(O)C[C@@H](Cc1ccccc1)C(=O)N[C@H]1c2ccccc2C[C@H]1O,0.9344262295081968,9.77,6.6,3.17,1.0,1.0
CHEMBL319417,CHEMBL135948,CC(C)(C)OC(=O)N[C@@H](Cc1ccccc1)[C@@H](O)C[C@@H](Cc1ccc(C(C)(C)C)cc1)C(=O)N[C@@H]1c2ccccc2C[C@H]1O,CC(C)(C)OC(=O)N[C@@H](Cc1ccccc1)C(O)C[C@@H](Cc1ccccc1)C(=O)N[C@H]1c2ccccc2C[C@H]1O,0.9047619047619048,9.77,6.6,3.17,1.0,1.0
CHEMBL46114,CHEMBL2092982,CC(C)(C)OC(=O)N[C@@H](Cc1ccccc1)[C@@H](O)C[C@@H](Cc1ccc(CO)cc1)C(=O)N[C@H]1c2ccccc2C[C@H]1O,CC(C)(C)OC(=O)N[C@@H](Cc1ccccc1)[C@@H](O)C[C@@H](Cc1ccccc1)C(=O)N[C@H]1c2ccccc2C[C@@H]1O,0.9344262295081968,9.77,6.615,3.1549999999999994,1.0,1.0
CHEMBL319417,CHEMBL2092982,CC(C)(C)OC(=O)N[C@@H](Cc1ccccc1)[C@@H](O)C[C@@H](Cc1ccc(C(C)(C)C)cc1)C(=O)N[C@@H]1c2ccccc2C[C@H]1O,CC(C)(C)OC(=O)N[C@@H](Cc1ccccc1)[C@@H](O)C[C@@H](Cc1ccccc1)C(=O)N[C@H]1c2ccccc2C[C@@H]1O,0.9047619047619048,9.77,6.615,3.1549999999999994,1.0,1.0
CHEMBL357257,CHEMBL21291,O=C1N(Cc2ccccc2)[C@H](Cc2ccccc2)[C@H](O)[C@@H](O)[C@H](Cc2ccccc2)N1Cc1ccccc1,O=C1N(Cc2ccccc2)[C@@H](Cc2ccccc2)C(O)[C@H](Cc2ccccc2)N1Cc1ccccc1,0.9333333333333333,7.19,4.05,3.1400000000000006,1.0,0.0
CHEMBL83506,CHEMBL405969,CC(C)(C)NC(=O)[C@@H]1C[C@@H]2CCCC[C@@H]2CN1C[C@@H](O)[C@H](Cc1ccccc1)NC(=O)[C@@H](CC(N)=O)NC(=O)c1ccc2ccccc2n1,CC(C)(C)NC(=O)[C@@H]1C[C@@H]2CCCC[C@@H]2CN1C[C@H](O)[C@H](Cc1ccccc1)NC(=O)[C@H](CC(N)=O)NC(=O)c1ccc2ccccc2n1,1.0,9.64,6.54,3.1000000000000005,1.0,1.0
CHEMBL17612,CHEMBL418902,CC(C)(C)NC(=O)[C@@H]1C[C@@H]2CCCC[C@@H]2CN1C[C@@H](O)[C@H](Cc1ccccc1)NC(=O)[C@@H](NC(=O)c1ccc2ccccc2n1)C1CCOC1,CC(C)(C)NC(=O)[C@@H]1C[C@@H]2CCCC[C@@H]2CN1C[C@@H](O)[C@H](Cc1ccccc1)NC(=O)[C@@H](NC(=O)c1ccc2ccccc2n1)C1CCOCC1,0.9285714285714286,10.27,7.17,3.0999999999999996,1.0,1.0
CHEMBL297620,CHEMBL135948,CC(C)(C)OC(=O)N[C@@H](Cc1ccccc1)[C@@H](O)C[C@@H](Cc1ccc(C(C)(C)C)cc1)C(=O)N[C@H]1c2ccccc2C[C@H]1O,CC(C)(C)OC(=O)N[C@@H](Cc1ccccc1)C(O)C[C@@H](Cc1ccccc1)C(=O)N[C@H]1c2ccccc2C[C@H]1O,0.9047619047619048,9.67,6.6,3.0700000000000003,1.0,1.0
CHEMBL3349484,CHEMBL300714,CC[C@H](C)[C@H](NC(=O)C1CCCN1C[C@@H](O)[C@H](Cc1ccccc1)NC(=O)[C@H](CC(N)=O)NC(=O)[C@H](CC(C)C)NC(C)=O)C(=O)N[C@H](C(=O)OC)C(C)C,CC[C@H](C)[C@H](NC(=O)[C@H]1CCCN1C[C@H](O)[C@H](Cc1ccccc1)NC(=O)[C@H](CC(N)=O)NC(=O)[C@H](CC(C)C)NC(C)=O)C(=O)OC,0.9146341463414634,8.4,5.34,3.0600000000000005,1.0,0.0
CHEMBL3349484,CHEMBL3143737,CC[C@H](C)[C@H](NC(=O)C1CCCN1C[C@@H](O)[C@H](Cc1ccccc1)NC(=O)[C@H](CC(N)=O)NC(=O)[C@H](CC(C)C)NC(C)=O)C(=O)N[C@H](C(=O)OC)C(C)C,CC[C@H](C)[C@H](NC(=O)[C@@H]1CCCN1C[C@H](O)[C@H](Cc1ccccc1)NC(=O)[C@H](CC(N)=O)NC(=O)[C@H](CC(C)C)NC(C)=O)C(=O)OC,0.9146341463414634,8.4,5.34,3.0600000000000005,1.0,0.0
CHEMBL297620,CHEMBL2092982,CC(C)(C)OC(=O)N[C@@H](Cc1ccccc1)[C@@H](O)C[C@@H](Cc1ccc(C(C)(C)C)cc1)C(=O)N[C@H]1c2ccccc2C[C@H]1O,CC(C)(C)OC(=O)N[C@@H](Cc1ccccc1)[C@@H](O)C[C@@H](Cc1ccccc1)C(=O)N[C@H]1c2ccccc2C[C@@H]1O,0.9047619047619048,9.67,6.615,3.0549999999999997,1.0,1.0
CHEMBL285871,CHEMBL49823,O=C1N(Cc2cccc(CO)c2)[C@H](CCc2ccccc2)[C@@H](O)[C@@H](Cc2ccccc2)N1Cc1cccc(CO)c1,O=C1N(Cc2cccc(CO)c2)[C@@H](CCc2ccccc2)[C@H](O)[C@H](Cc2ccccc2)N1Cc1cccc(CO)c1,1.0,9.31,6.26,3.0500000000000007,1.0,
CHEMBL290576,CHEMBL423946,O=C1N(Cc2ccccc2)[C@H](Cc2ccccc2)[C@H](O)[C@@H](O)[C@@H](Cc2ccccc2)N1Cc1ccccc1,O=C1N(Cc2ccccc2)[C@@H](Cc2ccccc2)[C@@H](O)[C@H](O)[C@H](Cc2ccccc2)N1Cc1ccccc1,1.0,8.47,5.42,3.0500000000000007,1.0,0.0
CHEMBL120610,CHEMBL359098,O=C1N(Cc2ccccc2)[C@H](Cc2ccccc2)[C@H](O)[C@H](O)[C@@H](Cc2ccccc2)N1Cc1ccccc1,O=C1N(Cc2ccccc2)[C@H](Cc2ccccc2)[C@@H](O)[C@H](O)[C@H](Cc2ccccc2)N1Cc1ccccc1,1.0,8.22,5.17,3.0500000000000007,1.0,0.0
CHEMBL4860374,CHEMBL5423048,CC(C)CN(C[C@@H](O)[C@H](Cc1ccccc1)NC(=O)C1CCNCC1)S(=O)(=O)c1ccc(N)cc1,CC(C)CN(C[C@@H](O)[C@H](Cc1ccccc1)NC(=O)[C@@H]1CCNC1)S(=O)(=O)c1ccc(N)cc1,0.9180327868852459,8.26,5.21,3.05,1.0,0.0
CHEMBL4877811,CHEMBL5419886,COc1ccc(S(=O)(=O)N(CC(C)C)C[C@@H](O)[C@H](Cc2ccccc2)NC(=O)C2CCNCC2)cc1,COc1ccc(S(=O)(=O)N(CC(C)C)C[C@@H](O)[C@H](Cc2ccccc2)NC(=O)[C@H]2CCNC2)cc1,0.9076923076923077,9.26,6.22,3.04,1.0,
CHEMBL281034,CHEMBL28558,O=C1N(CCCCCCO)[C@H](Cc2ccccc2)[C@H](O)[C@@H](O)[C@@H](Cc2ccccc2)N1CCCCCCO,O=C1N(CCCCCCCCO)[C@H](Cc2ccccc2)[C@H](O)[C@@H](O)[C@@H](Cc2ccccc2)N1CCCCCCCCO,1.0,9.33,6.3,3.0300000000000002,1.0,
CHEMBL318003,CHEMBL135948,CC(C)(C)OC(=O)N[C@@H](Cc1ccccc1)[C@@H](O)C[C@@H](Cc1ccccc1)C(=O)N[C@@H]1c2ccccc2C[C@H]1O,CC(C)(C)OC(=O)N[C@@H](Cc1ccccc1)C(O)C[C@@H](Cc1ccccc1)C(=O)N[C@H]1c2ccccc2C[C@H]1O,1.0,9.6,6.6,3.0,1.0,1.0
CHEMBL21226,CHEMBL135948,CC(C)(C)OC(=O)N[C@@H](Cc1ccccc1)[C@@H](O)C[C@@H](Cc1ccccc1)C(=O)NC1c2ccccc2C[C@@H]1O,CC(C)(C)OC(=O)N[C@@H](Cc1ccccc1)C(O)C[C@@H](Cc1ccccc1)C(=O)N[C@H]1c2ccccc2C[C@H]1O,1.0,9.6,6.6,3.0,1.0,1.0
CHEMBL106765,CHEMBL334057,CC1(C)S[C@H]([C@H](NC(=O)Cc2ccccc2)C(=O)NCc2ccccc2)N[C@H]1C(=O)N[C@H](Cc1ccccc1)[C@H](O)CC(=O)NCc1ccccc1,CC1(C)S[C@H](C(NC(=O)Cc2ccccc2)C(=O)NCc2ccccc2)N[C@H]1C(=O)N[C@H](Cc1ccccc1)[C@H](O)CC(=O)NCc1ccccc1,1.0,8.34,5.34,3.0,1.0,0.0
CHEMBL318003,CHEMBL2092982,CC(C)(C)OC(=O)N[C@@H](Cc1ccccc1)[C@@H](O)C[C@@H](Cc1ccccc1)C(=O)N[C@@H]1c2ccccc2C[C@H]1O,CC(C)(C)OC(=O)N[C@@H](Cc1ccccc1)[C@@H](O)C[C@@H](Cc1ccccc1)C(=O)N[C@H]1c2ccccc2C[C@@H]1O,1.0,9.6,6.615,2.9849999999999994,1.0,1.0
CHEMBL21226,CHEMBL2092982,CC(C)(C)OC(=O)N[C@@H](Cc1ccccc1)[C@@H](O)C[C@@H](Cc1ccccc1)C(=O)NC1c2ccccc2C[C@@H]1O,CC(C)(C)OC(=O)N[C@@H](Cc1ccccc1)[C@@H](O)C[C@@H](Cc1ccccc1)C(=O)N[C@H]1c2ccccc2C[C@@H]1O,1.0,9.6,6.615,2.9849999999999994,1.0,1.0
CHEMBL296115,CHEMBL135948,CC(C)(C)OC(=O)N[C@@H](Cc1ccccc1)[C@@H](O)C[C@@H](Cc1ccccc1)C(=O)N[C@H]1c2ccccc2C[C@H]1O,CC(C)(C)OC(=O)N[C@@H](Cc1ccccc1)C(O)C[C@@H](Cc1ccccc1)C(=O)N[C@H]1c2ccccc2C[C@H]1O,1.0,9.56,6.6,2.960000000000001,1.0,1.0
CHEMBL197500,CHEMBL198645,COC(=O)N[C@H](C(=O)NN(Cc1ccc(Br)cc1)C[C@@](O)(Cc1ccccc1)C(=O)N[C@H]1c2ccccc2C[C@H]1O)C(C)(C)C,COC(=O)N[C@H](C(=O)NN(Cc1ccccc1)C[C@](O)(Cc1ccccc1)C(=O)N[C@H]1c2ccccc2C[C@H]1O)C(C)(C)C,0.9154929577464789,8.62,5.66,2.959999999999999,1.0,
CHEMBL296115,CHEMBL2092982,CC(C)(C)OC(=O)N[C@@H](Cc1ccccc1)[C@@H](O)C[C@@H](Cc1ccccc1)C(=O)N[C@H]1c2ccccc2C[C@H]1O,CC(C)(C)OC(=O)N[C@@H](Cc1ccccc1)[C@@H](O)C[C@@H](Cc1ccccc1)C(=O)N[C@H]1c2ccccc2C[C@@H]1O,1.0,9.56,6.615,2.9450000000000003,1.0,1.0
CHEMBL103821,CHEMBL135948,Cc1ccc(C[C@H](C[C@H](O)[C@H](Cc2ccccc2)NC(=O)OC(C)(C)C)C(=O)N[C@@H]2c3ccccc3C[C@H]2O)cc1,CC(C)(C)OC(=O)N[C@@H](Cc1ccccc1)C(O)C[C@@H](Cc1ccccc1)C(=O)N[C@H]1c2ccccc2C[C@H]1O,0.9193548387096774,9.54,6.6,2.9399999999999995,1.0,1.0
CHEMBL139804,CHEMBL135948,Cc1ccc(C[C@H](C[C@H](O)[C@H](Cc2ccccc2)NC(=O)OC(C)(C)C)C(=O)NC2c3ccccc3C[C@@H]2O)cc1,CC(C)(C)OC(=O)N[C@@H](Cc1ccccc1)C(O)C[C@@H](Cc1ccccc1)C(=O)N[C@H]1c2ccccc2C[C@H]1O,0.9193548387096774,9.54,6.6,2.9399999999999995,1.0,1.0
CHEMBL265516,CHEMBL135948,Cc1ccc(C[C@H](C[C@H](O)[C@H](Cc2ccccc2)NC(=O)OC(C)(C)C)C(=O)N[C@H]2c3ccccc3C[C@H]2O)cc1,CC(C)(C)OC(=O)N[C@@H](Cc1ccccc1)C(O)C[C@@H](Cc1ccccc1)C(=O)N[C@H]1c2ccccc2C[C@H]1O,0.9193548387096774,9.54,6.6,2.9399999999999995,1.0,1.0
CHEMBL103821,CHEMBL2092982,Cc1ccc(C[C@H](C[C@H](O)[C@H](Cc2ccccc2)NC(=O)OC(C)(C)C)C(=O)N[C@@H]2c3ccccc3C[C@H]2O)cc1,CC(C)(C)OC(=O)N[C@@H](Cc1ccccc1)[C@@H](O)C[C@@H](Cc1ccccc1)C(=O)N[C@H]1c2ccccc2C[C@@H]1O,0.9193548387096774,9.54,6.615,2.924999999999999,1.0,1.0
CHEMBL139804,CHEMBL2092982,Cc1ccc(C[C@H](C[C@H](O)[C@H](Cc2ccccc2)NC(=O)OC(C)(C)C)C(=O)NC2c3ccccc3C[C@@H]2O)cc1,CC(C)(C)OC(=O)N[C@@H](Cc1ccccc1)[C@@H](O)C[C@@H](Cc1ccccc1)C(=O)N[C@H]1c2ccccc2C[C@@H]1O,0.9193548387096774,9.54,6.615,2.924999999999999,1.0,1.0
CHEMBL265516,CHEMBL2092982,Cc1ccc(C[C@H](C[C@H](O)[C@H](Cc2ccccc2)NC(=O)OC(C)(C)C)C(=O)N[C@H]2c3ccccc3C[C@H]2O)cc1,CC(C)(C)OC(=O)N[C@@H](Cc1ccccc1)[C@@H](O)C[C@@H](Cc1ccccc1)C(=O)N[C@H]1c2ccccc2C[C@@H]1O,0.9193548387096774,9.54,6.615,2.924999999999999,1.0,1.0
CHEMBL343053,CHEMBL135948,CC(C)(C)OC(=O)NC(Cc1ccccc1)[C@@H](O)CC(Cc1ccc(N)cc1)C(=O)NC1c2ccccc2C[C@@H]1O,CC(C)(C)OC(=O)N[C@@H](Cc1ccccc1)C(O)C[C@@H](Cc1ccccc1)C(=O)N[C@H]1c2ccccc2C[C@H]1O,0.9193548387096774,9.51,6.6,2.91,1.0,1.0
CHEMBL296493,CHEMBL135948,CC(C)(C)OC(=O)N[C@@H](Cc1ccccc1)[C@@H](O)C[C@@H](Cc1ccc(N)cc1)C(=O)N[C@H]1c2ccccc2C[C@H]1O,CC(C)(C)OC(=O)N[C@@H](Cc1ccccc1)C(O)C[C@@H](Cc1ccccc1)C(=O)N[C@H]1c2ccccc2C[C@H]1O,0.9193548387096774,9.51,6.6,2.91,1.0,1.0
CHEMBL317868,CHEMBL135948,CC(C)(C)OC(=O)N[C@@H](Cc1ccccc1)[C@@H](O)C[C@@H](Cc1ccc(N)cc1)C(=O)N[C@@H]1c2ccccc2C[C@H]1O,CC(C)(C)OC(=O)N[C@@H](Cc1ccccc1)C(O)C[C@@H](Cc1ccccc1)C(=O)N[C@H]1c2ccccc2C[C@H]1O,0.9193548387096774,9.51,6.6,2.91,1.0,1.0
CHEMBL343053,CHEMBL2092982,CC(C)(C)OC(=O)NC(Cc1ccccc1)[C@@H](O)CC(Cc1ccc(N)cc1)C(=O)NC1c2ccccc2C[C@@H]1O,CC(C)(C)OC(=O)N[C@@H](Cc1ccccc1)[C@@H](O)C[C@@H](Cc1ccccc1)C(=O)N[C@H]1c2ccccc2C[C@@H]1O,0.9193548387096774,9.51,6.615,2.8949999999999996,1.0,1.0
CHEMBL296493,CHEMBL2092982,CC(C)(C)OC(=O)N[C@@H](Cc1ccccc1)[C@@H](O)C[C@@H](Cc1ccc(N)cc1)C(=O)N[C@H]1c2ccccc2C[C@H]1O,CC(C)(C)OC(=O)N[C@@H](Cc1ccccc1)[C@@H](O)C[C@@H](Cc1ccccc1)C(=O)N[C@H]1c2ccccc2C[C@@H]1O,0.9193548387096774,9.51,6.615,2.8949999999999996,1.0,1.0
CHEMBL317868,CHEMBL2092982,CC(C)(C)OC(=O)N[C@@H](Cc1ccccc1)[C@@H](O)C[C@@H](Cc1ccc(N)cc1)C(=O)N[C@@H]1c2ccccc2C[C@H]1O,CC(C)(C)OC(=O)N[C@@H](Cc1ccccc1)[C@@H](O)C[C@@H](Cc1ccccc1)C(=O)N[C@H]1c2ccccc2C[C@@H]1O,0.9193548387096774,9.51,6.615,2.8949999999999996,1.0,1.0
CHEMBL4877811,CHEMBL5402855,COc1ccc(S(=O)(=O)N(CC(C)C)C[C@@H](O)[C@H](Cc2ccccc2)NC(=O)C2CCNCC2)cc1,COc1ccc(S(=O)(=O)N(CC(C)C)C[C@@H](O)[C@H](Cc2ccccc2)NC(=O)[C@@H]2CCNC2)cc1,0.9076923076923077,9.26,6.39,2.87,1.0,
CHEMBL297045,CHEMBL135948,CC(C)(C)OC(=O)N[C@@H](Cc1ccc(O)cc1)[C@@H](O)C[C@@H](Cc1ccccc1)C(=O)NC1c2ccccc2C[C@H]1O,CC(C)(C)OC(=O)N[C@@H](Cc1ccccc1)C(O)C[C@@H](Cc1ccccc1)C(=O)N[C@H]1c2ccccc2C[C@H]1O,0.9193548387096774,9.46,6.6,2.860000000000001,1.0,1.0
CHEMBL38339,CHEMBL296111,N#Cc1cccc(CN2C(=O)N(Cc3cccc(C#N)c3)[C@H](Cc3ccccc3)[C@H](O)[C@H]2CCc2ccccc2)c1,N#Cc1cccc(CN2C(=O)N(Cc3cccc(C#N)c3)[C@@H](Cc3ccccc3)[C@@H](O)[C@@H]2CCc2ccccc2)c1,1.0,7.96,5.1,2.8600000000000003,1.0,0.0
CHEMBL297045,CHEMBL2092982,CC(C)(C)OC(=O)N[C@@H](Cc1ccc(O)cc1)[C@@H](O)C[C@@H](Cc1ccccc1)C(=O)NC1c2ccccc2C[C@H]1O,CC(C)(C)OC(=O)N[C@@H](Cc1ccccc1)[C@@H](O)C[C@@H](Cc1ccccc1)C(=O)N[C@H]1c2ccccc2C[C@@H]1O,0.9193548387096774,9.46,6.615,2.8450000000000006,1.0,1.0
CHEMBL3349486,CHEMBL115376,CC[C@H](C)[C@H](NC(=O)C1CCCN1C[C@@H](O)[C@H](Cc1ccccc1)NC(=O)[C@H](CC(N)=O)NC(=O)[C@H](CC(C)C)NC(=O)[C@H](CO)NC(C)=O)C(=O)N[C@H](C(=O)OC)C(C)C,CC[C@H](C)[C@H](NC(=O)[C@@H]1CCCN1CC(O)[C@H](Cc1ccccc1)NC(=O)[C@H](CC(N)=O)NC(=O)[C@H](CC(C)C)NC(=O)[C@H](CO)NC(C)=O)C(=O)OC,0.9186046511627907,9.22,6.38,2.8400000000000007,1.0,
CHEMBL3349486,CHEMBL3143739,CC[C@H](C)[C@H](NC(=O)C1CCCN1C[C@@H](O)[C@H](Cc1ccccc1)NC(=O)[C@H](CC(N)=O)NC(=O)[C@H](CC(C)C)NC(=O)[C@H](CO)NC(C)=O)C(=O)N[C@H](C(=O)OC)C(C)C,CC[C@H](C)[C@H](NC(=O)[C@@H]1CCCN1C[C@H](O)[C@H](Cc1ccccc1)NC(=O)[C@H](CC(N)=O)NC(=O)[C@H](CC(C)C)NC(=O)[C@H](CO)NC(C)=O)C(=O)OC,0.9186046511627907,9.22,6.38,2.8400000000000007,1.0,
CHEMBL3349486,CHEMBL444834,CC[C@H](C)[C@H](NC(=O)C1CCCN1C[C@@H](O)[C@H](Cc1ccccc1)NC(=O)[C@H](CC(N)=O)NC(=O)[C@H](CC(C)C)NC(=O)[C@H](CO)NC(C)=O)C(=O)N[C@H](C(=O)OC)C(C)C,CC[C@H](C)[C@H](NC(=O)[C@H]1CCCN1C[C@H](O)[C@H](Cc1ccccc1)NC(=O)[C@H](CC(N)=O)NC(=O)[C@H](CC(C)C)NC(=O)[C@H](CO)NC(C)=O)C(=O)OC,0.9186046511627907,9.22,6.38,2.8400000000000007,1.0,
CHEMBL432614,CHEMBL115376,CC[C@H](C)[C@H](NC(=O)[C@@H]1CCCN1CC(O)[C@H](Cc1ccccc1)NC(=O)[C@H](CC(N)=O)NC(=O)[C@H](CC(C)C)NC(=O)[C@H](CO)NC(C)=O)C(=O)N[C@H](C(=O)OC)C(C)C,CC[C@H](C)[C@H](NC(=O)[C@@H]1CCCN1CC(O)[C@H](Cc1ccccc1)NC(=O)[C@H](CC(N)=O)NC(=O)[C@H](CC(C)C)NC(=O)[C@H](CO)NC(C)=O)C(=O)OC,0.9186046511627907,9.22,6.38,2.8400000000000007,1.0,
CHEMBL432614,CHEMBL3143739,CC[C@H](C)[C@H](NC(=O)[C@@H]1CCCN1CC(O)[C@H](Cc1ccccc1)NC(=O)[C@H](CC(N)=O)NC(=O)[C@H](CC(C)C)NC(=O)[C@H](CO)NC(C)=O)C(=O)N[C@H](C(=O)OC)C(C)C,CC[C@H](C)[C@H](NC(=O)[C@@H]1CCCN1C[C@H](O)[C@H](Cc1ccccc1)NC(=O)[C@H](CC(N)=O)NC(=O)[C@H](CC(C)C)NC(=O)[C@H](CO)NC(C)=O)C(=O)OC,0.9186046511627907,9.22,6.38,2.8400000000000007,1.0,
CHEMBL432614,CHEMBL444834,CC[C@H](C)[C@H](NC(=O)[C@@H]1CCCN1CC(O)[C@H](Cc1ccccc1)NC(=O)[C@H](CC(N)=O)NC(=O)[C@H](CC(C)C)NC(=O)[C@H](CO)NC(C)=O)C(=O)N[C@H](C(=O)OC)C(C)C,CC[C@H](C)[C@H](NC(=O)[C@H]1CCCN1C[C@H](O)[C@H](Cc1ccccc1)NC(=O)[C@H](CC(N)=O)NC(=O)[C@H](CC(C)C)NC(=O)[C@H](CO)NC(C)=O)C(=O)OC,0.9186046511627907,9.22,6.38,2.8400000000000007,1.0,
CHEMBL120610,CHEMBL423946,O=C1N(Cc2ccccc2)[C@H](Cc2ccccc2)[C@H](O)[C@H](O)[C@@H](Cc2ccccc2)N1Cc1ccccc1,O=C1N(Cc2ccccc2)[C@@H](Cc2ccccc2)[C@@H](O)[C@H](O)[C@H](Cc2ccccc2)N1Cc1ccccc1,1.0,8.22,5.42,2.8000000000000007,1.0,0.0
CHEMBL106765,CHEMBL316974,CC1(C)S[C@H]([C@H](NC(=O)Cc2ccccc2)C(=O)NCc2ccccc2)N[C@H]1C(=O)N[C@H](Cc1ccccc1)[C@H](O)CC(=O)NCc1ccccc1,CC1(C)S[C@H]([C@H](NC(=O)Cc2ccccc2)C(=O)NCc2ccccc2)N[C@H]1C(=O)N[C@H](Cc1ccccc1)[C@@H](O)CC(=O)NCc1ccccc1,1.0,8.34,5.54,2.8,1.0,
CHEMBL309346,CHEMBL306598,CC(C)(C)NC(=O)[C@@H]1CN(C(=O)OCc2ccccc2)CCN1C[C@@H](O)[C@H](Cc1ccccc1)NC(=O)O[C@H]1CCOC1,CC(C)(C)NC(=O)[C@@H]1CN(C(=O)OCc2ccccc2)CCN1C[C@H](O)[C@H](Cc1ccccc1)NC(=O)O[C@H]1CCOC1,1.0,7.72,4.92,2.8,1.0,0.0
CHEMBL3349482,CHEMBL115376,CC[C@H](C)[C@H](NC(=O)C1CCCN1C[C@@H](O)[C@H](Cc1ccccc1)NC(=O)[C@H](CC(N)=O)NC(=O)[C@H](CC(C)C)NC(=O)[C@H](CO)NC(C)=O)C(=O)N[C@@H](Cc1ccccc1)C(=O)OC,CC[C@H](C)[C@H](NC(=O)[C@@H]1CCCN1CC(O)[C@H](Cc1ccccc1)NC(=O)[C@H](CC(N)=O)NC(=O)[C@H](CC(C)C)NC(=O)[C@H](CO)NC(C)=O)C(=O)OC,0.9176470588235294,9.17,6.38,2.79,1.0,
CHEMBL3349482,CHEMBL3143739,CC[C@H](C)[C@H](NC(=O)C1CCCN1C[C@@H](O)[C@H](Cc1ccccc1)NC(=O)[C@H](CC(N)=O)NC(=O)[C@H](CC(C)C)NC(=O)[C@H](CO)NC(C)=O)C(=O)N[C@@H](Cc1ccccc1)C(=O)OC,CC[C@H](C)[C@H](NC(=O)[C@@H]1CCCN1C[C@H](O)[C@H](Cc1ccccc1)NC(=O)[C@H](CC(N)=O)NC(=O)[C@H](CC(C)C)NC(=O)[C@H](CO)NC(C)=O)C(=O)OC,0.9176470588235294,9.17,6.38,2.79,1.0,
CHEMBL3349482,CHEMBL444834,CC[C@H](C)[C@H](NC(=O)C1CCCN1C[C@@H](O)[C@H](Cc1ccccc1)NC(=O)[C@H](CC(N)=O)NC(=O)[C@H](CC(C)C)NC(=O)[C@H](CO)NC(C)=O)C(=O)N[C@@H](Cc1ccccc1)C(=O)OC,CC[C@H](C)[C@H](NC(=O)[C@H]1CCCN1C[C@H](O)[C@H](Cc1ccccc1)NC(=O)[C@H](CC(N)=O)NC(=O)[C@H](CC(C)C)NC(=O)[C@H](CO)NC(C)=O)C(=O)OC,0.9176470588235294,9.17,6.38,2.79,1.0,
CHEMBL102664,CHEMBL318844,CC1(C)S[C@H]([C@H](NC(=O)Cc2ccccc2)C(=O)NCc2ccccc2)N[C@H]1C(=O)NCCNC(=O)[C@@H]1N[C@@H]([C@H](NC(=O)Cc2ccccc2)C(=O)NCc2ccccc2)SC1(C)C,CC1(C)S[C@H]([C@H](NC(=O)Cc2ccccc2)C(=O)NCc2ccccc2)N[C@H]1C(=O)NCCCNC(=O)[C@@H]1N[C@@H]([C@H](NC(=O)Cc2ccccc2)C(=O)NCc2ccccc2)SC1(C)C,0.9259259259259259,9.05,6.27,2.780000000000001,1.0,
CHEMBL102664,CHEMBL104509,CC1(C)S[C@H]([C@H](NC(=O)Cc2ccccc2)C(=O)NCc2ccccc2)N[C@H]1C(=O)NCCNC(=O)[C@@H]1N[C@@H]([C@H](NC(=O)Cc2ccccc2)C(=O)NCc2ccccc2)SC1(C)C,CC1(C)S[C@H]([C@H](NC(=O)Cc2ccccc2)C(=O)NCc2ccccc2)NC1C(=O)NCCCNC(=O)[C@@H]1N[C@@H]([C@H](NC(=O)Cc2ccccc2)C(=O)NCc2ccccc2)SC1(C)C,0.9259259259259259,9.05,6.27,2.780000000000001,1.0,
CHEMBL102664,CHEMBL436266,CC1(C)S[C@H]([C@H](NC(=O)Cc2ccccc2)C(=O)NCc2ccccc2)N[C@H]1C(=O)NCCNC(=O)[C@@H]1N[C@@H]([C@H](NC(=O)Cc2ccccc2)C(=O)NCc2ccccc2)SC1(C)C,CC1(C)S[C@H]([C@H](NC(=O)Cc2ccccc2)C(=O)NCc2ccccc2)N[C@H]1C(=O)NCCCCNC(=O)[C@@H]1N[C@@H]([C@H](NC(=O)Cc2ccccc2)C(=O)NCc2ccccc2)SC1(C)C,0.9259259259259259,9.05,6.28,2.7700000000000005,1.0,
CHEMBL296137,CHEMBL135948,CC(C)(C)OC(=O)N[C@@H](Cc1ccccc1)[C@@H](O)C[C@@H](Cc1ccc(F)cc1)C(=O)N[C@H]1c2ccccc2C[C@H]1O,CC(C)(C)OC(=O)N[C@@H](Cc1ccccc1)C(O)C[C@@H](Cc1ccccc1)C(=O)N[C@H]1c2ccccc2C[C@H]1O,0.9047619047619048,9.36,6.6,2.76,1.0,1.0
CHEMBL5174561,CHEMBL4632622,CC(C)CN(C[C@@H](O)[C@H](Cc1ccccc1)NC(=O)c1cc(O)cc(O)c1)S(=O)(=O)c1ccc([N+](=O)[O-])cc1,C[C@H](O)CN(C[C@@H](O)[C@H](Cc1ccccc1)NC(=O)c1cc(O)cc(O)c1)S(=O)(=O)c1ccc([N+](=O)[O-])cc1,0.9032258064516129,10.19,7.43,2.76,1.0,1.0
CHEMBL296137,CHEMBL2092982,CC(C)(C)OC(=O)N[C@@H](Cc1ccccc1)[C@@H](O)C[C@@H](Cc1ccc(F)cc1)C(=O)N[C@H]1c2ccccc2C[C@H]1O,CC(C)(C)OC(=O)N[C@@H](Cc1ccccc1)[C@@H](O)C[C@@H](Cc1ccccc1)C(=O)N[C@H]1c2ccccc2C[C@@H]1O,0.9047619047619048,9.36,6.615,2.744999999999999,1.0,1.0
CHEMBL178605,CHEMBL425700,Cc1ccc(S(=O)(=O)N(CC(C)C)[C@H](CCCCNC(=O)OCC2c3ccccc3-c3ccccc32)C(=O)O)cc1,Cc1ccc(S(=O)(=O)N(CC(C)C)[C@@H](CCCNC(=O)OCC2c3ccccc3-c3ccccc32)C(=O)O)cc1,0.9516129032258065,9.48,6.75,2.7300000000000004,1.0,1.0
CHEMBL290576,CHEMBL342576,O=C1N(Cc2ccccc2)[C@H](Cc2ccccc2)[C@H](O)[C@@H](O)[C@@H](Cc2ccccc2)N1Cc1ccccc1,O=C1N(Cc2ccccc2)[C@@H](Cc2ccccc2)[C@H](O)[C@H](O)[C@H](Cc2ccccc2)N1Cc1ccccc1,1.0,8.47,5.77,2.700000000000001,1.0,
CHEMBL322214,CHEMBL135948,CC(C)(C)OC(=O)N[C@@H](Cc1ccccc1)[C@@H](O)C[C@@H](Cc1ccncc1)C(=O)N[C@@H]1c2ccccc2C[C@H]1O,CC(C)(C)OC(=O)N[C@@H](Cc1ccccc1)C(O)C[C@@H](Cc1ccccc1)C(=O)N[C@H]1c2ccccc2C[C@H]1O,0.9047619047619048,9.28,6.6,2.6799999999999997,1.0,1.0
CHEMBL423358,CHEMBL135948,CC(C)(C)OC(=O)N[C@@H](Cc1ccccc1)[C@@H](O)C[C@@H](Cc1ccncc1)C(=O)NC1c2ccccc2C[C@@H]1O,CC(C)(C)OC(=O)N[C@@H](Cc1ccccc1)C(O)C[C@@H](Cc1ccccc1)C(=O)N[C@H]1c2ccccc2C[C@H]1O,0.9047619047619048,9.28,6.6,2.6799999999999997,1.0,1.0
CHEMBL430692,CHEMBL135948,CC(C)(C)OC(=O)N[C@@H](Cc1ccccc1)[C@@H](O)C[C@@H](Cc1ccncc1)C(=O)N[C@H]1c2ccccc2C[C@H]1O,CC(C)(C)OC(=O)N[C@@H](Cc1ccccc1)C(O)C[C@@H](Cc1ccccc1)C(=O)N[C@H]1c2ccccc2C[C@H]1O,0.9047619047619048,9.28,6.6,2.6799999999999997,1.0,1.0
CHEMBL322214,CHEMBL2092982,CC(C)(C)OC(=O)N[C@@H](Cc1ccccc1)[C@@H](O)C[C@@H](Cc1ccncc1)C(=O)N[C@@H]1c2ccccc2C[C@H]1O,CC(C)(C)OC(=O)N[C@@H](Cc1ccccc1)[C@@H](O)C[C@@H](Cc1ccccc1)C(=O)N[C@H]1c2ccccc2C[C@@H]1O,0.9047619047619048,9.28,6.615,2.664999999999999,1.0,1.0
CHEMBL423358,CHEMBL2092982,CC(C)(C)OC(=O)N[C@@H](Cc1ccccc1)[C@@H](O)C[C@@H](Cc1ccncc1)C(=O)NC1c2ccccc2C[C@@H]1O,CC(C)(C)OC(=O)N[C@@H](Cc1ccccc1)[C@@H](O)C[C@@H](Cc1ccccc1)C(=O)N[C@H]1c2ccccc2C[C@@H]1O,0.9047619047619048,9.28,6.615,2.664999999999999,1.0,1.0
CHEMBL430692,CHEMBL2092982,CC(C)(C)OC(=O)N[C@@H](Cc1ccccc1)[C@@H](O)C[C@@H](Cc1ccncc1)C(=O)N[C@H]1c2ccccc2C[C@H]1O,CC(C)(C)OC(=O)N[C@@H](Cc1ccccc1)[C@@H](O)C[C@@H](Cc1ccccc1)C(=O)N[C@H]1c2ccccc2C[C@@H]1O,0.9047619047619048,9.28,6.615,2.664999999999999,1.0,1.0
CHEMBL4852688,CHEMBL4859317,CC(C)CN(C[C@@H](O)[C@H](Cc1ccccc1)NC(=O)[C@@H]1CCCNC1)S(=O)(=O)c1ccc(C(F)(F)F)cc1,CC(C)CN(C[C@@H](O)[C@H](Cc1ccccc1)NC(=O)[C@H]1CCCNC1)S(=O)(=O)c1ccc(C(F)(F)F)cc1,1.0,10.0,7.36,2.6399999999999997,1.0,1.0
CHEMBL318379,CHEMBL105851,CCNC(=O)[C@@H](NC(=O)Cc1ccccc1)[C@@H]1NC(C(=O)NCCNC(=O)[C@@H]2N[C@@H]([C@H](NC(=O)Cc3ccccc3)C(=O)NCC)SC2(C)C)C(C)(C)S1,CCNC(=O)[C@@H](NC(=O)Cc1ccccc1)[C@@H]1N[C@@H](C(=O)NCCNC(=O)[C@@H]2N[C@@H]([C@H](NC(=O)Cc3ccccc3)C(=O)NCC)SC2(C)C)C(C)(C)S1,1.0,8.52,5.89,2.63,1.0,
CHEMBL3349847,CHEMBL335676,CC(C)(C)NC(=O)[C@@H]1CCCN1C(=O)[C@@H](O)[C@H](Cc1ccccc1)NC(=O)[C@H](CC(N)=O)NC(=O)OCc1ccccc1,CC(C)(C)NC(=O)[C@@H]1CCCN1C(=O)[C@H](O)[C@H](Cc1ccccc1)NC(=O)[C@H](CC(N)=O)NC(=O)OCc1ccccc1,1.0,8.13,5.51,2.620000000000001,1.0,
CHEMBL290576,CHEMBL334312,O=C1N(Cc2ccccc2)[C@H](Cc2ccccc2)[C@H](O)[C@@H](O)[C@@H](Cc2ccccc2)N1Cc1ccccc1,O=C1N(Cc2ccccc2)[C@H](Cc2ccccc2)[C@@H](O)[C@H](O)[C@@H](Cc2ccccc2)N1Cc1ccccc1,1.0,8.47,5.87,2.6000000000000005,1.0,
CHEMBL436755,CHEMBL198645,COC(=O)N[C@H](C(=O)NN(Cc1ccccc1)C[C@@](O)(Cc1ccccc1)C(=O)N[C@H]1c2ccccc2C[C@H]1O)C(C)(C)C,COC(=O)N[C@H](C(=O)NN(Cc1ccccc1)C[C@](O)(Cc1ccccc1)C(=O)N[C@H]1c2ccccc2C[C@H]1O)C(C)(C)C,1.0,8.22,5.66,2.5600000000000005,1.0,
CHEMBL282619,CHEMBL28558,O=C1N(CCCCCO)[C@H](Cc2ccccc2)[C@H](O)[C@@H](O)[C@@H](Cc2ccccc2)N1CCCCCO,O=C1N(CCCCCCCCO)[C@H](Cc2ccccc2)[C@H](O)[C@@H](O)[C@@H](Cc2ccccc2)N1CCCCCCCCO,1.0,8.85,6.3,2.55,1.0,
CHEMBL358262,CHEMBL21291,O=C1N(Cc2ccccc2)[C@H](Cc2ccccc2)[C@H](O)[C@H](O)[C@H](Cc2ccccc2)N1Cc1ccccc1,O=C1N(Cc2ccccc2)[C@@H](Cc2ccccc2)C(O)[C@H](Cc2ccccc2)N1Cc1ccccc1,0.9333333333333333,6.6,4.05,2.55,1.0,0.0
CHEMBL296855,CHEMBL135948,CC(C)(C)OC(=O)N[C@@H](Cc1ccccc1)[C@@H](O)C[C@@H](Cc1ccc(I)cc1)C(=O)N[C@H]1c2ccccc2C[C@H]1O,CC(C)(C)OC(=O)N[C@@H](Cc1ccccc1)C(O)C[C@@H](Cc1ccccc1)C(=O)N[C@H]1c2ccccc2C[C@H]1O,0.9047619047619048,9.14,6.6,2.540000000000001,1.0,1.0
CHEMBL420466,CHEMBL135948,CC(C)(C)OC(=O)N[C@@H](Cc1ccccc1)[C@@H](O)C[C@@H](Cc1ccc(I)cc1)C(=O)N[C@@H]1c2ccccc2C[C@H]1O,CC(C)(C)OC(=O)N[C@@H](Cc1ccccc1)C(O)C[C@@H](Cc1ccccc1)C(=O)N[C@H]1c2ccccc2C[C@H]1O,0.9047619047619048,9.14,6.6,2.540000000000001,1.0,1.0
CHEMBL4877646,CHEMBL4875597,COc1ccc(S(=O)(=O)N(CC(C)C)C[C@@H](O)[C@H](Cc2ccccc2)NC(=O)[C@@H]2CCCNC2)cc1,COc1ccc(S(=O)(=O)N(CC(C)C)C[C@@H](O)[C@H](Cc2ccccc2)NC(=O)[C@H]2CCCNC2)cc1,1.0,10.54,8.0,2.539999999999999,1.0,1.0
CHEMBL5193294,CHEMBL4633781,CC(C)CN(C[C@@H](O)[C@H](Cc1ccccc1)NC(=O)c1cc(O)cc(O)c1)S(=O)(=O)c1ccc(C(F)(F)F)cc1,C[C@H](O)CN(C[C@@H](O)[C@H](Cc1ccccc1)NC(=O)c1cc(O)cc(O)c1)S(=O)(=O)c1ccc(C(F)(F)F)cc1,0.9032258064516129,10.11,7.57,2.539999999999999,1.0,1.0
CHEMBL296855,CHEMBL2092982,CC(C)(C)OC(=O)N[C@@H](Cc1ccccc1)[C@@H](O)C[C@@H](Cc1ccc(I)cc1)C(=O)N[C@H]1c2ccccc2C[C@H]1O,CC(C)(C)OC(=O)N[C@@H](Cc1ccccc1)[C@@H](O)C[C@@H](Cc1ccccc1)C(=O)N[C@H]1c2ccccc2C[C@@H]1O,0.9047619047619048,9.14,6.615,2.5250000000000004,1.0,1.0
CHEMBL420466,CHEMBL2092982,CC(C)(C)OC(=O)N[C@@H](Cc1ccccc1)[C@@H](O)C[C@@H](Cc1ccc(I)cc1)C(=O)N[C@@H]1c2ccccc2C[C@H]1O,CC(C)(C)OC(=O)N[C@@H](Cc1ccccc1)[C@@H](O)C[C@@H](Cc1ccccc1)C(=O)N[C@H]1c2ccccc2C[C@@H]1O,0.9047619047619048,9.14,6.615,2.5250000000000004,1.0,1.0
CHEMBL84650,CHEMBL84804,CC(C)(C)NC(=O)[C@@H]1CCCCN1C[C@@H](O)[C@H]1Cc2ccc(cc2)OCCCC(=O)NC(CC(N)=O)C(=O)N1,CC(C)(C)NC(=O)[C@@H]1CCCCN1C[C@H](O)[C@H]1Cc2ccc(cc2)OCCCC(=O)NC(CC(N)=O)C(=O)N1,1.0,8.3,5.78,2.5200000000000005,1.0,
CHEMBL194856,CHEMBL1791342,CCC(C)[C@@H](NC(=O)[C@@H](NC(=O)CCCCCCCCCCCCCCC(=O)N[C@H](CC(=O)N[C@@H](Cc1ccccc1)C(=O)O)C(N)=O)C(C)O)C(=O)N[C@@H](Cc1ccccc1)C(N)=O,CC[C@H](C)[C@@H](NC(=O)[C@@H](NC(=O)CCCCCCCCCCCCCCC(=O)N[C@H](CC(=O)N[C@@H](Cc1ccccc1)C(=O)O)C(N)=O)[C@H](C)O)C(=O)N[C@@H](Cc1ccccc1)C(=O)N[C@@H](Cc1ccccc1)C(N)=O,0.9661016949152542,8.96,6.44,2.5200000000000005,1.0,
CHEMBL2111770,CHEMBL2112565,CCC[C@]1(CCc2ccccc2)CC(=O)C([C@@H](CC)c2cccc(NS(=O)(=O)c3ccc(C#N)cn3)c2)=C(O)O1,CCC[C@@]1(CCc2ccccc2)CC(=O)C([C@H](CC)c2cccc(NS(=O)(=O)c3ccc(C#N)cn3)c2)=C(O)O1,1.0,9.92,7.4,2.5199999999999996,1.0,1.0
CHEMBL99412,CHEMBL97544,CC(C)C[C@H](NC(=O)[C@H](Cc1ccccc1)C[C@H](O)[C@H](Cc1ccccc1)NC(=O)OC(C)(C)C)C(N)=O,CC(C)C[C@@H](NC(=O)[C@H](Cc1ccccc1)C[C@H](O)[C@H](Cc1ccccc1)NC(=O)OC(C)(C)C)C(N)=O,1.0,8.0,5.51,2.49,1.0,
CHEMBL4868416,CHEMBL5418270,CC(C)CN(C[C@@H](O)[C@H](Cc1ccccc1)NC(=O)[C@H]1CCCNC1)S(=O)(=O)c1ccc(N)cc1,CC(C)CN(C[C@@H](O)[C@H](Cc1ccccc1)NC(=O)[C@H]1CCNC1)S(=O)(=O)c1ccc(N)cc1,0.9047619047619048,7.39,4.9,2.4899999999999993,1.0,0.0
CHEMBL114,CHEMBL438376,CC(C)(C)NC(=O)[C@@H]1C[C@@H]2CCCC[C@@H]2CN1C[C@@H](O)[C@H](Cc1ccccc1)NC(=O)[C@H](CC(N)=O)NC(=O)c1ccc2ccccc2n1,CC(C)(C)NC(=O)[C@@H]1C[C@@H]2CCCC[C@@H]2CN1C[C@@H](O)[C@@H](Cc1ccccc1)NC(=O)[C@H](CC(N)=O)NC(=O)c1ccc2ccccc2n1,1.0,8.809999999999999,6.32,2.4899999999999984,1.0,
CHEMBL43294,CHEMBL113554,CC(C)[C@H](NC(=O)N(C)Cc1ccccn1)C(=O)N[C@@H](Cc1ccccc1)[C@@H](O)[C@H](O)[C@H](Cc1ccccc1)NC(=O)[C@@H](NC(=O)N(C)Cc1ccccn1)C(C)C,CC(C)[C@H](NC(=O)N(C)Cc1ccccn1)C(=O)N[C@@H](Cc1ccccc1)C(O)[C@H](Cc1ccccc1)NC(=O)[C@H](NC(=O)N(C)Cc1ccccn1)C(C)C,0.96,9.85,7.37,2.4799999999999995,1.0,1.0
CHEMBL120610,CHEMBL342576,O=C1N(Cc2ccccc2)[C@H](Cc2ccccc2)[C@H](O)[C@H](O)[C@@H](Cc2ccccc2)N1Cc1ccccc1,O=C1N(Cc2ccccc2)[C@@H](Cc2ccccc2)[C@H](O)[C@H](O)[C@H](Cc2ccccc2)N1Cc1ccccc1,1.0,8.22,5.77,2.450000000000001,1.0,
CHEMBL325450,CHEMBL326386,CNC(=O)[C@@H](NC(=O)[C@H](CCc1ccccc1)[C@@H](O)[C@H](O)[C@@H](CCc1ccccc1)C(=O)N[C@H](C(=O)NC)C(C)C)C(C)C,CNC(=O)[C@@H](NC(=O)[C@H](CCc1ccccc1)[C@H](O)[C@H](O)[C@@H](CCc1ccccc1)C(=O)N[C@H](C(=O)NC)C(C)C)C(C)C,1.0,9.4,6.95,2.45,1.0,1.0
CHEMBL73050,CHEMBL113554,CC(C)[C@H](NC(=O)N(C)Cc1ccccn1)C(=O)N[C@@H](Cc1ccccc1)[C@H](O)[C@H](O)[C@H](Cc1ccccc1)NC(=O)[C@@H](NC(=O)N(C)Cc1ccccn1)C(C)C,CC(C)[C@H](NC(=O)N(C)Cc1ccccn1)C(=O)N[C@@H](Cc1ccccc1)C(O)[C@H](Cc1ccccc1)NC(=O)[C@H](NC(=O)N(C)Cc1ccccn1)C(C)C,0.96,9.82,7.37,2.45,1.0,1.0
CHEMBL109500,CHEMBL115376,CC[C@H](C)[C@H](NC(=O)[C@@H]1CCCN1C[C@H](O)[C@H](Cc1ccccc1)NC(=O)[C@H](CC(N)=O)NC(=O)[C@H](CC(C)C)NC(=O)[C@H](CO)NC(C)=O)C(=O)N[C@H](C(=O)OC)C(C)C,CC[C@H](C)[C@H](NC(=O)[C@@H]1CCCN1CC(O)[C@H](Cc1ccccc1)NC(=O)[C@H](CC(N)=O)NC(=O)[C@H](CC(C)C)NC(=O)[C@H](CO)NC(C)=O)C(=O)OC,0.9186046511627907,8.825,6.38,2.4449999999999994,1.0,
CHEMBL109500,CHEMBL3143739,CC[C@H](C)[C@H](NC(=O)[C@@H]1CCCN1C[C@H](O)[C@H](Cc1ccccc1)NC(=O)[C@H](CC(N)=O)NC(=O)[C@H](CC(C)C)NC(=O)[C@H](CO)NC(C)=O)C(=O)N[C@H](C(=O)OC)C(C)C,CC[C@H](C)[C@H](NC(=O)[C@@H]1CCCN1C[C@H](O)[C@H](Cc1ccccc1)NC(=O)[C@H](CC(N)=O)NC(=O)[C@H](CC(C)C)NC(=O)[C@H](CO)NC(C)=O)C(=O)OC,0.9186046511627907,8.825,6.38,2.4449999999999994,1.0,
CHEMBL109500,CHEMBL444834,CC[C@H](C)[C@H](NC(=O)[C@@H]1CCCN1C[C@H](O)[C@H](Cc1ccccc1)NC(=O)[C@H](CC(N)=O)NC(=O)[C@H](CC(C)C)NC(=O)[C@H](CO)NC(C)=O)C(=O)N[C@H](C(=O)OC)C(C)C,CC[C@H](C)[C@H](NC(=O)[C@H]1CCCN1C[C@H](O)[C@H](Cc1ccccc1)NC(=O)[C@H](CC(N)=O)NC(=O)[C@H](CC(C)C)NC(=O)[C@H](CO)NC(C)=O)C(=O)OC,0.9186046511627907,8.825,6.38,2.4449999999999994,1.0,
CHEMBL284136,CHEMBL37118,O=C1N(Cc2cccc(O)c2)[C@H](Cc2ccccc2)[C@H](O)[C@@H](O)[C@@H](Cc2ccccc2)N1Cc1cccc(O)c1,O=C1N(Cc2cccc(O)c2)[C@H](Cc2ccccc2)C(O)[C@@H](Cc2ccccc2)N1Cc1cccc(O)c1,0.9459459459459459,9.92,7.48,2.4399999999999995,1.0,1.0
CHEMBL300050,CHEMBL3350212,CC[C@H](C)[C@H](NC(=O)[C@H]1CCCN1C[C@H](O)[C@H](Cc1ccccc1)NC(=O)[C@H](CC(N)=O)NC(=O)[C@H](CC(C)C)NC(=O)[C@H](CO)NC(C)=O)C(=O)N[C@H](C(=O)OC)C(C)C,COC(=O)[C@@H](NC(=O)[C@H](CC(C)C)NC(=O)[C@@H]1CCCN1C[C@H](O)[C@H](Cc1ccccc1)NC(=O)[C@H](CC(N)=O)NC(=O)[C@H](CC(C)C)NC(=O)[C@H](CO)NC(C)=O)C(C)C,0.9058823529411765,9.62,7.19,2.429999999999999,1.0,1.0
CHEMBL3349485,CHEMBL3350212,CC[C@H](C)[C@H](NC(=O)[C@@H]1CCCN1C[C@@H](O)[C@H](Cc1ccccc1)NC(=O)[C@H](CC(N)=O)NC(=O)[C@H](CC(C)C)NC(=O)[C@H](CO)NC(C)=O)C(=O)N[C@H](C(=O)OC)C(C)C,COC(=O)[C@@H](NC(=O)[C@H](CC(C)C)NC(=O)[C@@H]1CCCN1C[C@H](O)[C@H](Cc1ccccc1)NC(=O)[C@H](CC(N)=O)NC(=O)[C@H](CC(C)C)NC(=O)[C@H](CO)NC(C)=O)C(C)C,0.9058823529411765,9.62,7.19,2.429999999999999,1.0,1.0
CHEMBL340368,CHEMBL105851,CCNC(=O)C(NC(=O)Cc1ccccc1)[C@@H]1N[C@@H](C(=O)NCCNC(=O)[C@@H]2N[C@@H]([C@H](NC(=O)Cc3ccccc3)C(=O)NCC)SC2(C)C)C(C)(C)S1,CCNC(=O)[C@@H](NC(=O)Cc1ccccc1)[C@@H]1N[C@@H](C(=O)NCCNC(=O)[C@@H]2N[C@@H]([C@H](NC(=O)Cc3ccccc3)C(=O)NCC)SC2(C)C)C(C)(C)S1,1.0,8.3,5.89,2.410000000000001,1.0,
CHEMBL423106,CHEMBL97544,CC(C)CC(NC(=O)[C@H](Cc1ccccc1)C[C@H](O)[C@H](Cc1ccccc1)NC(=O)OC(C)(C)C)C(N)=O,CC(C)C[C@@H](NC(=O)[C@H](Cc1ccccc1)C[C@H](O)[C@H](Cc1ccccc1)NC(=O)OC(C)(C)C)C(N)=O,1.0,7.92,5.51,2.41,1.0,
CHEMBL275554,CHEMBL9409,CC(C)(C)OC(=O)N[C@@H](Cc1ccccc1)[C@H](O)[C@H](O)[C@H](Cc1ccccc1)NC(=O)OC(C)(C)C,CC(C)(C)OC(=O)N[C@@H](Cc1ccccc1)C(O)[C@H](Cc1ccccc1)NC(=O)OC(C)(C)C,0.9428571428571428,7.92,5.52,2.4000000000000004,1.0,
CHEMBL150907,CHEMBL150068,CC(C)C(C(=O)O)N(C)C(=O)[C@@H](C[C@@H](O)[C@@H](OCc1ccccc1)C(=O)N(C)C(C(=O)O)C(C)C)OCc1ccccc1,CC(C)C(C(=O)O)N(C)C(=O)[C@@H](C[C@H](O)[C@@H](OCc1ccccc1)C(=O)N(C)C(C(=O)O)C(C)C)OCc1ccccc1,1.0,8.68,6.28,2.3999999999999995,1.0,
CHEMBL21095,CHEMBL278823,CC(C)[C@H](COCc1ccccc1)NC(=O)C(F)(F)C(=O)C(Cc1ccc(OCc2ccccc2)cc1)NC(=O)[C@@H](NC(=O)OCc1ccccc1)C(C)C,CC(C)[C@@H](COCc1ccccc1)NC(=O)C(F)(F)C(=O)C(Cc1ccc(OCc2ccccc2)cc1)NC(=O)[C@H](NC(=O)OCc1ccccc1)C(C)C,1.0,8.1,5.7,2.3999999999999995,1.0,
CHEMBL384439,CHEMBL219288,COc1ccc(S(=O)(=O)N(CC(C)C)C[C@@H](O)[C@H](Cc2ccccc2)NC(=O)[C@@H]2CN(c3cccc(OC)c3)C(=O)O2)cc1,COc1ccc(S(=O)(=O)N(CC(C)C)C[C@@H](O)[C@H](Cc2ccccc2)NC(=O)[C@H]2CN(c3ccccc3)C(=O)O2)cc1,0.9178082191780822,10.35,7.97,2.38,1.0,1.0
CHEMBL1790664,CHEMBL1790670,CC[C@H](C)[C@H](NC(=O)[C@@H]1CCCN1C[C@H](O)[C@H]1Cc2ccc(cc2)OCCCC(=O)NC(CC(N)=O)C(=O)N1)C(=O)N[C@H](C(N)=O)C(C)C,CC[C@H](C)[C@H](NC(=O)[C@@H]1CCCN1C[C@@H](O)[C@H]1Cc2ccc(cc2)OCCCC(=O)NC(CC(N)=O)C(=O)N1)C(N)=O,0.9036144578313253,7.92,5.55,2.37,1.0,
CHEMBL103213,CHEMBL99949,CC(C)(C)OC(=O)N[C@@H](Cc1ccccc1)[C@@H](O)C[C@@H](Cc1ccccc1)C(=O)N[C@@H]1c2ccccc2OC[C@H]1O,CC(C)(C)OC(=O)N[C@@H](Cc1ccccc1)[C@@H](O)C[C@@H](Cc1ccccc1)C(=O)N[C@H]1c2ccccc2OC[C@@H]1O,1.0,9.74,7.39,2.3500000000000005,1.0,1.0
CHEMBL103213,CHEMBL110348,CC(C)(C)OC(=O)N[C@@H](Cc1ccccc1)[C@@H](O)C[C@@H](Cc1ccccc1)C(=O)N[C@@H]1c2ccccc2OC[C@H]1O,CC(C)(C)OC(=O)N[C@@H](Cc1ccccc1)[C@@H](O)C[C@@H](Cc1ccccc1)C(=O)N[C@@H]1c2ccccc2OC[C@@H]1O,1.0,9.74,7.39,2.3500000000000005,1.0,1.0
CHEMBL111143,CHEMBL99949,CC(C)(C)OC(=O)N[C@@H](Cc1ccccc1)[C@@H](O)C[C@@H](Cc1ccccc1)C(=O)N[C@H]1c2ccccc2OC[C@H]1O,CC(C)(C)OC(=O)N[C@@H](Cc1ccccc1)[C@@H](O)C[C@@H](Cc1ccccc1)C(=O)N[C@H]1c2ccccc2OC[C@@H]1O,1.0,9.74,7.39,2.3500000000000005,1.0,1.0
CHEMBL111143,CHEMBL110348,CC(C)(C)OC(=O)N[C@@H](Cc1ccccc1)[C@@H](O)C[C@@H](Cc1ccccc1)C(=O)N[C@H]1c2ccccc2OC[C@H]1O,CC(C)(C)OC(=O)N[C@@H](Cc1ccccc1)[C@@H](O)C[C@@H](Cc1ccccc1)C(=O)N[C@@H]1c2ccccc2OC[C@@H]1O,1.0,9.74,7.39,2.3500000000000005,1.0,1.0
CHEMBL120610,CHEMBL334312,O=C1N(Cc2ccccc2)[C@H](Cc2ccccc2)[C@H](O)[C@H](O)[C@@H](Cc2ccccc2)N1Cc1ccccc1,O=C1N(Cc2ccccc2)[C@H](Cc2ccccc2)[C@@H](O)[C@H](O)[C@@H](Cc2ccccc2)N1Cc1ccccc1,1.0,8.22,5.87,2.3500000000000005,1.0,
CHEMBL305289,CHEMBL305290,CC(C)(C)NC(=O)[C@@H]1CCCN1C[C@@H](O)[C@@H]1Cc2ccc(cc2)OCCCOc2cc3ccccc3cc2C(=O)N[C@@H](CC(N)=O)C(=O)N1,CC(C)(C)NC(=O)[C@@H]1CCCN1C[C@H](O)[C@@H]1Cc2ccc(cc2)OCCCOc2cc3ccccc3cc2C(=O)N[C@@H](CC(N)=O)C(=O)N1,1.0,6.4,4.05,2.3500000000000005,,0.0
CHEMBL2311136,CHEMBL300714,CC[C@@H](C)[C@H](NC(=O)[C@@H]1CCCN1C[C@@H](O)[C@H](Cc1ccccc1)NC(=O)[C@H](CC(N)=O)NC(=O)[C@H](CC(C)C)NC(C)=O)C(=O)N[C@H](C(=O)OC)C(C)C,CC[C@H](C)[C@H](NC(=O)[C@H]1CCCN1C[C@H](O)[C@H](Cc1ccccc1)NC(=O)[C@H](CC(N)=O)NC(=O)[C@H](CC(C)C)NC(C)=O)C(=O)OC,0.9146341463414634,7.68,5.34,2.34,1.0,0.0
CHEMBL2311136,CHEMBL3143737,CC[C@@H](C)[C@H](NC(=O)[C@@H]1CCCN1C[C@@H](O)[C@H](Cc1ccccc1)NC(=O)[C@H](CC(N)=O)NC(=O)[C@H](CC(C)C)NC(C)=O)C(=O)N[C@H](C(=O)OC)C(C)C,CC[C@H](C)[C@H](NC(=O)[C@@H]1CCCN1C[C@H](O)[C@H](Cc1ccccc1)NC(=O)[C@H](CC(N)=O)NC(=O)[C@H](CC(C)C)NC(C)=O)C(=O)OC,0.9146341463414634,7.68,5.34,2.34,1.0,0.0
CHEMBL282787,CHEMBL281922,CC(C)(C)NC(=O)c1ccccc1C[C@@H](O)[C@H](Cc1ccccc1)NC(=O)[C@H](CC(N)=O)NC(=O)c1ccc2ccccc2n1,CC(C)(C)NC(=O)c1ccccc1C[C@H](O)[C@H](Cc1ccccc1)NC(=O)[C@H](CC(N)=O)NC(=O)c1ccc2ccccc2n1,1.0,8.835,6.5,2.335000000000001,1.0,1.0
CHEMBL137282,CHEMBL342585,CC(C)(C)NC(=O)[C@@H]1CCCN1C(=O)[C@@H](O)[C@@H]1Cc2ccc(cc2)OCCCOc2cc3ccccc3cc2C(=O)N[C@@H](CC(N)=O)C(=O)N1,CC(C)(C)NC(=O)[C@@H]1CCCN1C(=O)[C@H](O)[C@@H]1Cc2ccc(cc2)OCCCOc2cc3ccccc3cc2C(=O)N[C@@H](CC(N)=O)C(=O)N1,1.0,7.72,5.42,2.3,1.0,0.0
CHEMBL302486,CHEMBL305290,CC(C)(C)NC(=O)[C@@H]1CCCN1C[C@@H](O)[C@@H]1Cc2ccc(cc2)OCCOc2cc3ccccc3cc2C(=O)N[C@@H](CC(N)=O)C(=O)N1,CC(C)(C)NC(=O)[C@@H]1CCCN1C[C@H](O)[C@@H]1Cc2ccc(cc2)OCCCOc2cc3ccccc3cc2C(=O)N[C@@H](CC(N)=O)C(=O)N1,0.9629629629629629,6.35,4.05,2.3,,0.0
CHEMBL4763723,CHEMBL4784475,CC(C)CN(C[C@@H](O)[C@H](Cc1ccccc1)NC(=O)[C@@H](C)[C@H]1CO[C@H]2OCC[C@H]21)S(=O)(=O)c1ccc2nc(NC3CC3)sc2c1,CC(C)CN(C[C@@H](O)[C@H](Cc1ccccc1)NC(=O)[C@H](C)[C@H]1CO[C@H]2OCC[C@H]21)S(=O)(=O)c1ccc2nc(NC3CC3)sc2c1,1.0,8.84,6.55,2.29,1.0,1.0
CHEMBL2369717,CHEMBL1790823,CC[C@H](C)[C@H](NC(=O)[C@H](CCC(N)=O)NC(=O)[C@@H]1CCCN1C(=O)CCCCCCCCCCCCCCC(=O)N[C@@H](CO)C(=O)N[C@H](C(=O)N[C@@H](CC(C)C)C(=O)N[C@@H](CC(N)=O)C(=O)N[C@@H](Cc1ccccc1)C(=O)O)[C@@H](C)O)C(=O)N[C@H](C(=O)N[C@@H](CC(C)C)C(=O)N[C@@H](Cc1c[nH]c2ccccc12)C(=O)O)[C@H](C)O,CC[C@H](C)[C@H](NC(=O)[C@H](CCC(N)=O)NC(=O)[C@@H]1CCCN1C(=O)CCCCC/C=C/CCCCCC(=O)N[C@H](CO)C(=O)N[C@@H](C(=O)N[C@H](CC(C)C)C(=O)N[C@H](CC(N)=O)C(=O)N[C@H](Cc1ccccc1)C(=O)O)[C@H](C)O)C(=O)N[C@H](C(=O)N[C@@H](CC(C)C)C(=O)N[C@@H](Cc1c[nH]c2ccccc12)C(=O)O)[C@@H](C)O,0.9439252336448598,6.5600000000000005,4.29,2.2700000000000005,1.0,0.0
CHEMBL279793,CHEMBL18603,CC(C)(C)NC(=O)[C@@H]1C[C@@H]2CCC[C@@H]2CN1C[C@@H](O)[C@H](Cc1ccccc1)NC(=O)O[C@H]1CCS(=O)(=O)C1,CC(C)(C)NC(=O)[C@@H]1C[C@@H]2CCCC[C@@H]2CN1C[C@@H](O)[C@H](Cc1ccccc1)NC(=O)O[C@@H]1CCCS(=O)(=O)C1,0.9041095890410958,7.95,5.68,2.2700000000000005,1.0,
CHEMBL114,CHEMBL405969,CC(C)(C)NC(=O)[C@@H]1C[C@@H]2CCCC[C@@H]2CN1C[C@@H](O)[C@H](Cc1ccccc1)NC(=O)[C@H](CC(N)=O)NC(=O)c1ccc2ccccc2n1,CC(C)(C)NC(=O)[C@@H]1C[C@@H]2CCCC[C@@H]2CN1C[C@H](O)[C@H](Cc1ccccc1)NC(=O)[C@H](CC(N)=O)NC(=O)c1ccc2ccccc2n1,1.0,8.809999999999999,6.54,2.2699999999999987,1.0,1.0
CHEMBL132739,CHEMBL16316,CCC(c1cccc(NS(=O)(=O)c2ccc(C#N)cc2)c1)c1c(O)c2c(oc1=O)CCCCC2,CCC(c1cccc(NS(=O)(=O)c2ccc(C#N)cc2)c1)c1c(O)c2c(oc1=O)CCCCCC2,1.0,10.74,8.51,2.2300000000000004,1.0,1.0
CHEMBL290576,CHEMBL148543,O=C1N(Cc2ccccc2)[C@H](Cc2ccccc2)[C@H](O)[C@@H](O)[C@@H](Cc2ccccc2)N1Cc1ccccc1,O=C1N(Cc2ccccc2)[C@@H](Cc2ccccc2)[C@H](O)[C@@H](O)[C@H](Cc2ccccc2)N1Cc1ccccc1,1.0,8.47,6.25,2.2200000000000006,1.0,
CHEMBL420054,CHEMBL432190,CCCCCN1C(=O)N(CCCCC)[C@H](Cc2ccccc2)[C@H](O)[C@@H](O)[C@H]1Cc1ccccc1,CCCCCCCN1C(=O)N(CCCCCCC)[C@H](Cc2ccccc2)[C@H](O)[C@@H](O)[C@H]1Cc1ccccc1,0.9722222222222222,8.8,6.58,2.2200000000000006,1.0,1.0
CHEMBL181166,CHEMBL180655,CNc1cccc(N2C(=O)N(c3cccc(NC)c3)[C@H](Cc3ccccc3)[C@H](O)[C@H]2CCc2ccccc2)c1,CNc1cccc(N2C(=O)N(c3cccc(NC)c3)[C@@H](Cc3ccccc3)[C@@H](O)[C@@H]2CCc2ccccc2)c1,1.0,8.31,6.11,2.2,1.0,
CHEMBL148543,CHEMBL21291,O=C1N(Cc2ccccc2)[C@@H](Cc2ccccc2)[C@H](O)[C@@H](O)[C@H](Cc2ccccc2)N1Cc1ccccc1,O=C1N(Cc2ccccc2)[C@@H](Cc2ccccc2)C(O)[C@H](Cc2ccccc2)N1Cc1ccccc1,0.9333333333333333,6.25,4.05,2.2,,0.0
CHEMBL262204,CHEMBL188009,O=C(N[C@H]1c2ccccc2C[C@H]1O)[C@H](Cc1ccccc1)C[C@H](O)CN1C(=O)N(Cc2ccccc2)C[C@@H]1Cc1ccccc1,O=C(NC1c2ccccc2C[C@H]1O)[C@H](Cc1ccccc1)C[C@H](O)CN1C(=O)N(Cc2ccncc2)CC1Cc1ccccc1,0.9130434782608695,8.92,6.72,2.2,1.0,1.0
CHEMBL414156,CHEMBL188009,O=C(NC1c2ccccc2C[C@H]1O)[C@H](Cc1ccccc1)C[C@H](O)CN1C(=O)N(Cc2ccccc2)CC1Cc1ccccc1,O=C(NC1c2ccccc2C[C@H]1O)[C@H](Cc1ccccc1)C[C@H](O)CN1C(=O)N(Cc2ccncc2)CC1Cc1ccccc1,0.9130434782608695,8.92,6.72,2.2,1.0,1.0
CHEMBL279793,CHEMBL18086,CC(C)(C)NC(=O)[C@@H]1C[C@@H]2CCC[C@@H]2CN1C[C@@H](O)[C@H](Cc1ccccc1)NC(=O)O[C@H]1CCS(=O)(=O)C1,CC(C)(C)NC(=O)[C@@H]1C[C@@H]2CCCC[C@@H]2CN1C[C@@H](O)[C@H](Cc1ccccc1)NC(=O)O[C@H]1CCCS(=O)(=O)C1,0.9041095890410958,7.95,5.76,2.1900000000000004,1.0,
CHEMBL4852584,CHEMBL4868416,CC(C)CN(C[C@@H](O)[C@H](Cc1ccccc1)NC(=O)[C@@H]1CCCNC1)S(=O)(=O)c1ccc(N)cc1,CC(C)CN(C[C@@H](O)[C@H](Cc1ccccc1)NC(=O)[C@H]1CCCNC1)S(=O)(=O)c1ccc(N)cc1,1.0,9.57,7.39,2.1800000000000006,1.0,1.0
CHEMBL419286,CHEMBL309773,CC(=O)N[C@H](C(=O)N[C@@H](Cc1ccccc1)[C@@H](O)C[C@@H](Cc1ccccc1)c1nc(C(C)C)c[nH]1)C(C)C,CC(=O)N[C@@H](C(=O)N[C@@H](Cc1ccccc1)[C@@H](O)C[C@@H](Cc1ccccc1)c1nc(C(C)C)c[nH]1)C(C)C,1.0,9.0,6.82,2.1799999999999997,1.0,1.0
CHEMBL4868416,CHEMBL5423048,CC(C)CN(C[C@@H](O)[C@H](Cc1ccccc1)NC(=O)[C@H]1CCCNC1)S(=O)(=O)c1ccc(N)cc1,CC(C)CN(C[C@@H](O)[C@H](Cc1ccccc1)NC(=O)[C@@H]1CCNC1)S(=O)(=O)c1ccc(N)cc1,0.9047619047619048,7.39,5.21,2.1799999999999997,1.0,0.0
CHEMBL302859,CHEMBL422718,COc1ccc(S(=O)(=O)N(CC(C)C)CC(O)C(Cc2ccccc2)NC(=O)O[C@H]2CO[C@H]3OCC[C@H]32)cc1,COc1ccc(S(=O)(=O)N(CC(C)C)C[C@@H](O)[C@H](Cc2ccccc2)NC(=O)O[C@@H]2CO[C@@H]3OCCC[C@@H]32)cc1,0.918918918918919,10.82,8.66,2.16,1.0,1.0
CHEMBL437507,CHEMBL198645,COC(=O)N[C@H](C(=O)NN(Cc1ccc(C#Cc2ccccc2)cc1)C[C@@](O)(Cc1ccccc1)C(=O)N[C@H]1c2ccccc2C[C@H]1O)C(C)(C)C,COC(=O)N[C@H](C(=O)NN(Cc1ccccc1)C[C@](O)(Cc1ccccc1)C(=O)N[C@H]1c2ccccc2C[C@H]1O)C(C)(C)C,0.9027777777777778,7.82,5.66,2.16,1.0,
CHEMBL1790655,CHEMBL1790656,CC[C@H](C)[C@H](NC(=O)[C@@H]1CCCN1C[C@H](O)[C@@H]1CSSC[C@@H](NC(C)=O)C(=O)NCC(=O)N[C@@H](CC(N)=O)C(=O)N1)C(=O)N[C@H](C(N)=O)C(C)C,CC[C@H](C)[C@H](NC(=O)[C@@H]1CCCN1C[C@@H](O)[C@@H]1CSSC[C@@H](NC(C)=O)C(=O)NCC(=O)N[C@@H](CC(N)=O)C(=O)N1)C(=O)N[C@H](C(N)=O)C(C)C,1.0,6.6,4.44,2.1599999999999993,1.0,0.0
CHEMBL318003,CHEMBL297633,CC(C)(C)OC(=O)N[C@@H](Cc1ccccc1)[C@@H](O)C[C@@H](Cc1ccccc1)C(=O)N[C@@H]1c2ccccc2C[C@H]1O,CC[C@H](C[C@H](O)[C@H](Cc1ccccc1)NC(=O)OC(C)(C)C)C(=O)N[C@H]1c2ccccc2C[C@H]1O,0.9016393442622951,9.6,7.46,2.1399999999999997,1.0,1.0
CHEMBL21226,CHEMBL297633,CC(C)(C)OC(=O)N[C@@H](Cc1ccccc1)[C@@H](O)C[C@@H](Cc1ccccc1)C(=O)NC1c2ccccc2C[C@@H]1O,CC[C@H](C[C@H](O)[C@H](Cc1ccccc1)NC(=O)OC(C)(C)C)C(=O)N[C@H]1c2ccccc2C[C@H]1O,0.9016393442622951,9.6,7.46,2.1399999999999997,1.0,1.0
CHEMBL386137,CHEMBL384009,C=CC[C@H]1OC[C@H](Cc2ccccc2)N(C[C@H](O)CN(CC2CCCC2)S(=O)(=O)c2ccc(OC)cc2)C1=O,C=CC[C@@H]1OC[C@H](Cc2ccccc2)N(C[C@H](O)CN(CC2CCCC2)S(=O)(=O)c2ccc(OC)cc2)C1=O,1.0,8.7,6.57,2.129999999999999,1.0,1.0
CHEMBL182360,CHEMBL384009,C=CCC1OC[C@H](Cc2ccccc2)N(C[C@H](O)CN(CC2CCCC2)S(=O)(=O)c2ccc(OC)cc2)C1=O,C=CC[C@@H]1OC[C@H](Cc2ccccc2)N(C[C@H](O)CN(CC2CCCC2)S(=O)(=O)c2ccc(OC)cc2)C1=O,1.0,8.7,6.57,2.129999999999999,1.0,1.0
CHEMBL323203,CHEMBL107758,COC(=O)N[C@H](C(=O)N[C@@H](Cc1ccccc1)[C@H](O)CN(CC1CCCCC1)NC(=O)[C@@H](NC(C)=O)C(C)C)C(C)C,COC(=O)N[C@H](C(=O)N[C@@H](Cc1ccccc1)[C@H](O)CN(CC1CCCCC1)NC(=O)[C@@H](NC(=O)OC)C(C)C)C(C)C,0.9344262295081968,8.07,5.97,2.1000000000000005,1.0,
CHEMBL296115,CHEMBL297633,CC(C)(C)OC(=O)N[C@@H](Cc1ccccc1)[C@@H](O)C[C@@H](Cc1ccccc1)C(=O)N[C@H]1c2ccccc2C[C@H]1O,CC[C@H](C[C@H](O)[C@H](Cc1ccccc1)NC(=O)OC(C)(C)C)C(=O)N[C@H]1c2ccccc2C[C@H]1O,0.9016393442622951,9.56,7.46,2.1000000000000005,1.0,1.0
CHEMBL302464,CHEMBL63717,CC(C)(C)OC(=O)N[C@@H](Cc1ccccc1)C(=O)N1CCC(=O)[C@H]1Sc1ccccc1,CC(C)(C)OC(=O)N[C@@H](Cc1ccccc1)C(=O)N1CCC(=O)[C@@H]1Sc1ccccc1,1.0,8.1,6.0,2.0999999999999996,1.0,
CHEMBL2111771,CHEMBL118006,CCC[C@@]1(CCc2ccccc2)CC(=O)C([C@@H](CC)c2cccc(NS(=O)(=O)c3cn(C)cn3)c2)=C(O)O1,CCCC1(CCC)CC(=O)C(C(CC)c2cccc(NS(=O)(=O)c3cn(C)cn3)c2)=C(O)O1,0.9014084507042254,9.52,7.42,2.0999999999999996,1.0,1.0
CHEMBL337053,CHEMBL334806,CC(C)(C)NC(=O)[C@@H]1C[C@@H]2CCCC[C@@H]2CN1C[C@H](O)[C@H](Cc1ccccc1)NC(=O)[C@H](CC(N)=O)NC(=O)OCc1ccccc1,CC(C)(C)NC(=O)[C@@H]1C[C@@H]2CCCC[C@@H]2CN1C[C@@H](O)[C@H](Cc1ccccc1)NC(=O)[C@H](CC(N)=O)NC(=O)OCc1ccccc1,1.0,8.57,6.5,2.0700000000000003,1.0,1.0
CHEMBL3085514,CHEMBL335676,CC(C)(C)NC(=O)[C@@H]1CCCCN1C(=O)[C@@H](O)[C@H](Cc1ccccc1)NC(=O)[C@H](CC(N)=O)NC(=O)OCc1ccccc1,CC(C)(C)NC(=O)[C@@H]1CCCN1C(=O)[C@H](O)[C@H](Cc1ccccc1)NC(=O)[C@H](CC(N)=O)NC(=O)OCc1ccccc1,0.9558823529411765,7.58,5.51,2.0700000000000003,1.0,
CHEMBL2369717,CHEMBL1790827,CC[C@H](C)[C@H](NC(=O)[C@H](CCC(N)=O)NC(=O)[C@@H]1CCCN1C(=O)CCCCCCCCCCCCCCC(=O)N[C@@H](CO)C(=O)N[C@H](C(=O)N[C@@H](CC(C)C)C(=O)N[C@@H](CC(N)=O)C(=O)N[C@@H](Cc1ccccc1)C(=O)O)[C@@H](C)O)C(=O)N[C@H](C(=O)N[C@@H](CC(C)C)C(=O)N[C@@H](Cc1c[nH]c2ccccc12)C(=O)O)[C@H](C)O,CC[C@H](C)[C@H](NC(=O)[C@H](CCC(N)=O)NC(=O)[C@@H]1CCCN1C(=O)CCCCC/C=C\CCCCCC(=O)N[C@H](CO)C(=O)N[C@@H](C(=O)N[C@H](CC(C)C)C(=O)N[C@H](CC(N)=O)C(=O)N[C@H](Cc1ccccc1)C(=O)O)[C@H](C)O)C(=O)N[C@H](C(=O)N[C@@H](CC(C)C)C(=O)N[C@@H](Cc1c[nH]c2ccccc12)C(=O)O)[C@@H](C)O,0.9439252336448598,6.5600000000000005,4.49,2.0700000000000003,1.0,0.0
CHEMBL362524,CHEMBL189347,Nc1ccc(S(=O)(=O)N(C[C@@H](O)[C@H](Cc2ccccc2)NC(=O)O[C@H]2CO[C@H]3OCC[C@H]32)OC2CCCCC2)cc1,Nc1ccc(S(=O)(=O)N(C[C@@H](O)[C@H](Cc2ccccc2)NC(=O)O[C@H]2CO[C@H]3OCC[C@H]32)OC2CCCC2)cc1,0.9859154929577465,9.42,7.36,2.0599999999999996,1.0,1.0
CHEMBL299667,CHEMBL300698,CC(C)(C)OC(=O)N[C@@H](Cc1ccccc1)[C@@H](O)CC(=O)N[C@@H](CCC(=O)O)C(=O)N[C@@H](Cc1ccccc1)C(=O)O,CC(C)(C)OC(=O)N[C@H](Cc1ccccc1)[C@@H](O)CC(=O)N[C@@H](CCC(=O)O)C(=O)N[C@@H](Cc1ccccc1)C(=O)O,1.0,7.2,5.15,2.05,1.0,0.0
CHEMBL2092978,CHEMBL118006,CCC[C@]1(CCc2ccccc2)CC(=O)C([C@@H](CC)c2cccc(NS(=O)(=O)c3cn(C)cn3)c2)=C(O)O1,CCCC1(CCC)CC(=O)C(C(CC)c2cccc(NS(=O)(=O)c3cn(C)cn3)c2)=C(O)O1,0.9014084507042254,9.46,7.42,2.040000000000001,1.0,1.0
CHEMBL202963,CHEMBL198645,COC(=O)N[C@H](C(=O)NN(Cc1ccc(-c2ccccc2)cc1)C[C@@](O)(Cc1ccccc1)C(=O)N[C@H]1c2ccccc2C[C@H]1O)C(C)(C)C,COC(=O)N[C@H](C(=O)NN(Cc1ccccc1)C[C@](O)(Cc1ccccc1)C(=O)N[C@H]1c2ccccc2C[C@H]1O)C(C)(C)C,0.9285714285714286,7.7,5.66,2.04,1.0,
CHEMBL384436,CHEMBL219288,COc1ccc(S(=O)(=O)N(CC(C)C)C[C@@H](O)[C@H](Cc2ccccc2)NC(=O)[C@@H]2CN(c3ccccc3)C(=O)O2)cc1,COc1ccc(S(=O)(=O)N(CC(C)C)C[C@@H](O)[C@H](Cc2ccccc2)NC(=O)[C@H]2CN(c3ccccc3)C(=O)O2)cc1,1.0,10.0,7.97,2.0300000000000002,1.0,1.0
CHEMBL3349486,CHEMBL3350212,CC[C@H](C)[C@H](NC(=O)C1CCCN1C[C@@H](O)[C@H](Cc1ccccc1)NC(=O)[C@H](CC(N)=O)NC(=O)[C@H](CC(C)C)NC(=O)[C@H](CO)NC(C)=O)C(=O)N[C@H](C(=O)OC)C(C)C,COC(=O)[C@@H](NC(=O)[C@H](CC(C)C)NC(=O)[C@@H]1CCCN1C[C@H](O)[C@H](Cc1ccccc1)NC(=O)[C@H](CC(N)=O)NC(=O)[C@H](CC(C)C)NC(=O)[C@H](CO)NC(C)=O)C(C)C,0.9058823529411765,9.22,7.19,2.0300000000000002,1.0,1.0
CHEMBL432614,CHEMBL3350212,CC[C@H](C)[C@H](NC(=O)[C@@H]1CCCN1CC(O)[C@H](Cc1ccccc1)NC(=O)[C@H](CC(N)=O)NC(=O)[C@H](CC(C)C)NC(=O)[C@H](CO)NC(C)=O)C(=O)N[C@H](C(=O)OC)C(C)C,COC(=O)[C@@H](NC(=O)[C@H](CC(C)C)NC(=O)[C@@H]1CCCN1C[C@H](O)[C@H](Cc1ccccc1)NC(=O)[C@H](CC(N)=O)NC(=O)[C@H](CC(C)C)NC(=O)[C@H](CO)NC(C)=O)C(C)C,0.9058823529411765,9.22,7.19,2.0300000000000002,1.0,1.0
CHEMBL357257,CHEMBL359098,O=C1N(Cc2ccccc2)[C@H](Cc2ccccc2)[C@H](O)[C@@H](O)[C@H](Cc2ccccc2)N1Cc1ccccc1,O=C1N(Cc2ccccc2)[C@H](Cc2ccccc2)[C@@H](O)[C@H](O)[C@H](Cc2ccccc2)N1Cc1ccccc1,1.0,7.19,5.17,2.0200000000000005,1.0,0.0
CHEMBL130283,CHEMBL132577,CCC(C1=C(O)OC2CCCC2C1=O)c1cccc(NS(=O)(=O)c2ccc(C#N)cc2)c1,CCC(C1=C(O)OC2CCCCC2C1=O)c1cccc(NS(=O)(=O)c2ccc(C#N)cc2)c1,0.96875,9.83,7.82,2.01,1.0,1.0
CHEMBL17612,CHEMBL312788,CC(C)(C)NC(=O)[C@@H]1C[C@@H]2CCCC[C@@H]2CN1C[C@@H](O)[C@H](Cc1ccccc1)NC(=O)[C@@H](NC(=O)c1ccc2ccccc2n1)C1CCOC1,CC(C)(C)NC(=O)[C@@H]1C[C@@H]2CCCC[C@@H]2CN1C[C@@H](O)[C@H](Cc1ccccc1)NC(=O)[C@@H](NC(=O)c1ccc2ccccc2n1)[C@@H]1CCOC1,1.0,10.27,8.27,2.0,1.0,1.0
CHEMBL1161734,CHEMBL1161735,CC(C)[C@H](C)C(=O)NC(=O)[C@H](O)[C@H](O)[C@@H](O)[C@@H](Oc1ccccc1)C(=O)NC(=O)[C@@H](C)C(C)C,CC(C)[C@H](C)C(=O)NC(=O)[C@H](O)[C@@H](O)[C@H](O)[C@@H](Oc1ccccc1)C(=O)NC(=O)[C@@H](C)C(C)C,1.0,9.4,7.4,2.0,1.0,1.0
CHEMBL5432689,CHEMBL5418346,CC(C)CN(C[C@@H](O)[C@H](Cc1ccccc1)NC(=O)[C@@H]1CCCN1)S(=O)(=O)c1ccc(O)cc1,CC(C)CN(C[C@@H](O)[C@H](Cc1ccccc1)NC(=O)[C@H]1CCCN1)S(=O)(=O)c1ccc(O)cc1,1.0,6.01,4.01,2.0,,0.0
CHEMBL304369,CHEMBL305290,CC(C)(C)NC(=O)[C@@H]1CCCN1C[C@@H](O)[C@@H]1Cc2ccc(cc2)OCCCCOc2cc3ccccc3cc2C(=O)N[C@@H](CC(N)=O)C(=O)N1,CC(C)(C)NC(=O)[C@@H]1CCCN1C[C@H](O)[C@@H]1Cc2ccc(cc2)OCCCOc2cc3ccccc3cc2C(=O)N[C@@H](CC(N)=O)C(=O)N1,0.9753086419753086,6.05,4.05,2.0,,0.0
CHEMBL69604,CHEMBL2115205,CC(C)(C)OC(=O)N[C@@H](Cc1ccccc1)[C@H](O)CN[C@@H](Cc1ccccc1)C(=O)N[C@H]1c2ccccc2C[C@H]1O,CC(C)(C)OC(=O)N[C@@H](Cc1ccccc1)[C@@H](O)CN[C@H](Cc1ccccc1)C(=O)N[C@H]1c2ccccc2C[C@H]1O,1.0,6.619999999999999,4.63,1.9899999999999993,1.0,0.0
CHEMBL368169,CHEMBL177917,Cc1c(O)cccc1C(=O)N[C@@H](Cc1ccccc1)[C@@H](O)C(=O)N(Cc1ccccc1)NC(=O)c1cccc(O)c1C,Cc1c(O)cccc1C(=O)N[C@@H](Cc1ccccc1)[C@H](O)C(=O)N(Cc1ccccc1)NC(=O)c1cccc(O)c1C,1.0,9.8,7.82,1.9800000000000004,1.0,1.0
CHEMBL5208050,CHEMBL4635268,COc1cc(O)c(C(=O)N[C@@H](Cc2ccccc2)[C@H](O)CN(CC(C)C)S(=O)(=O)c2ccc([N+](=O)[O-])cc2)cc1OC,COc1cc(O)c(C(=O)N[C@@H](Cc2ccccc2)[C@H](O)CN(C[C@H](C)O)S(=O)(=O)c2ccc([N+](=O)[O-])cc2)cc1OC,0.9117647058823529,7.86,5.88,1.9800000000000004,1.0,
CHEMBL3350101,CHEMBL3350107,O=S1(=O)N(Cc2ccccc2)[C@@H](COc2ccccc2)[C@@H](O)[C@H](O)[C@H](COc2ccccc2)N1Cc1ccc(-c2cccs2)cc1,O=S1(=O)N(Cc2ccc(-c3cccs3)cc2)[C@@H](COc2ccccc2)[C@@H](O)[C@H](O)[C@H](COc2ccccc2)N1Cc1cccc(-c2cccs2)c1,0.9056603773584906,7.2,5.22,1.9800000000000004,1.0,0.0
CHEMBL5180804,CHEMBL4646189,COc1cc(C(=O)N[C@@H](Cc2ccccc2)[C@H](O)CN(CC(C)C)S(=O)(=O)c2ccc([N+](=O)[O-])cc2)cc(OC)c1O,COc1cc(C(=O)N[C@@H](Cc2ccccc2)[C@H](O)CN(C[C@H](C)O)S(=O)(=O)c2ccc([N+](=O)[O-])cc2)cc(OC)c1O,0.9104477611940298,9.1,7.12,1.9799999999999995,1.0,1.0
CHEMBL120610,CHEMBL148543,O=C1N(Cc2ccccc2)[C@H](Cc2ccccc2)[C@H](O)[C@H](O)[C@@H](Cc2ccccc2)N1Cc1ccccc1,O=C1N(Cc2ccccc2)[C@@H](Cc2ccccc2)[C@H](O)[C@@H](O)[C@H](Cc2ccccc2)N1Cc1ccccc1,1.0,8.22,6.25,1.9700000000000006,1.0,
CHEMBL195073,CHEMBL1791327,CCC(C)[C@@H](NC(=O)[C@H](C(C)O)N(C)C(=O)CCCCCCCCCCCCCCC(=O)NC(Cc1ccc(N)cc1)C(=O)N[C@@H](Cc1ccccc1)C(=O)O)C(=O)NC(CO)C(N)=O,CC[C@H](C)[C@@H](NC(=O)[C@H]([C@H](C)O)N(C)C(=O)CCCCCCCCCCCCCCC(=O)N[C@H](Cc1ccccc1)C(=O)N[C@@H](Cc1ccccc1)C(=O)O)C(=O)NC(CO)C(N)=O,0.9295774647887324,8.92,6.95,1.9699999999999998,1.0,1.0
CHEMBL2092879,CHEMBL1907857,Cc1cc(SC2=C(O)O[C@](CCc3ccsc3)(C(C)C)CC2=O)c(C(C)(C)C)cc1CO,Cc1cc(SC2=C(O)O[C@@](CCc3ccsc3)(C(C)C)CC2=O)c(C(C)(C)C)cc1CO,1.0,9.89,7.94,1.9500000000000002,1.0,1.0
CHEMBL47476,CHEMBL52153,CC(C)(C)OC(=O)N[C@@H](Cc1ccccc1)[C@H](O)CNC[C@@H](O)[C@H](Cc1ccccc1)NC(=O)OC(C)(C)C,CC(C)(C)OC(=O)N[C@@H](Cc1ccccc1)[C@H](O)CNC[C@@H](O)[C@@H](Cc1ccccc1)NC(=O)OC(C)(C)C,1.0,6.95,5.0,1.9500000000000002,1.0,0.0
CHEMBL281034,CHEMBL29177,O=C1N(CCCCCCO)[C@H](Cc2ccccc2)[C@H](O)[C@@H](O)[C@@H](Cc2ccccc2)N1CCCCCCO,O=C1N(CCCCO)[C@H](Cc2ccccc2)[C@H](O)[C@@H](O)[C@@H](Cc2ccccc2)N1CCCCO,0.9714285714285714,9.33,7.38,1.9500000000000002,1.0,1.0
CHEMBL297931,CHEMBL300512,CC[C@H](C)[C@H](NC(=O)[C@H]1CCCN1C[C@H](O)[C@H](CC(C)C)NC(=O)[C@H](CC(N)=O)NC(=O)[C@H](CC(C)C)NC(=O)[C@H](CO)NC(C)=O)C(=O)N[C@H](C(=O)OC)C(C)C,CC[C@H](C)[C@H](NC(=O)[C@H]1CCCN1C[C@H](O)[C@H](CC(C)C)NC(=O)[C@H](CC(N)=O)NC(=O)[C@H](CC(C)C)NC(=O)[C@H](CO)NC(C)=O)C(=O)OC,0.9078947368421053,7.96,6.01,1.9500000000000002,1.0,
CHEMBL297931,CHEMBL3143743,CC[C@H](C)[C@H](NC(=O)[C@H]1CCCN1C[C@H](O)[C@H](CC(C)C)NC(=O)[C@H](CC(N)=O)NC(=O)[C@H](CC(C)C)NC(=O)[C@H](CO)NC(C)=O)C(=O)N[C@H](C(=O)OC)C(C)C,CC[C@H](C)[C@H](NC(=O)[C@@H]1CCCN1C[C@H](O)[C@H](CC(C)C)NC(=O)[C@H](CC(N)=O)NC(=O)[C@H](CC(C)C)NC(=O)[C@H](CO)NC(C)=O)C(=O)OC,0.9078947368421053,7.96,6.01,1.9500000000000002,1.0,
CHEMBL2371783,CHEMBL300512,CC[C@H](C)[C@H](NC(=O)[C@@H]1CCCN1C[C@H](O)[C@H](CC(C)C)NC(=O)[C@H](CC(N)=O)NC(=O)[C@H](CC(C)C)NC(=O)[C@H](CO)NC(C)=O)C(=O)N[C@H](C(=O)OC)C(C)C,CC[C@H](C)[C@H](NC(=O)[C@H]1CCCN1C[C@H](O)[C@H](CC(C)C)NC(=O)[C@H](CC(N)=O)NC(=O)[C@H](CC(C)C)NC(=O)[C@H](CO)NC(C)=O)C(=O)OC,0.9078947368421053,7.96,6.01,1.9500000000000002,1.0,
CHEMBL2371783,CHEMBL3143743,CC[C@H](C)[C@H](NC(=O)[C@@H]1CCCN1C[C@H](O)[C@H](CC(C)C)NC(=O)[C@H](CC(N)=O)NC(=O)[C@H](CC(C)C)NC(=O)[C@H](CO)NC(C)=O)C(=O)N[C@H](C(=O)OC)C(C)C,CC[C@H](C)[C@H](NC(=O)[C@@H]1CCCN1C[C@H](O)[C@H](CC(C)C)NC(=O)[C@H](CC(N)=O)NC(=O)[C@H](CC(C)C)NC(=O)[C@H](CO)NC(C)=O)C(=O)OC,0.9078947368421053,7.96,6.01,1.9500000000000002,1.0,
CHEMBL133804,CHEMBL132577,CCC(C1=C(O)OC2CCCCCCC2C1=O)c1cccc(NS(=O)(=O)c2ccc(C#N)cc2)c1,CCC(C1=C(O)OC2CCCCC2C1=O)c1cccc(NS(=O)(=O)c2ccc(C#N)cc2)c1,0.984375,9.76,7.82,1.9399999999999995,1.0,1.0
CHEMBL300050,CHEMBL2311136,CC[C@H](C)[C@H](NC(=O)[C@H]1CCCN1C[C@H](O)[C@H](Cc1ccccc1)NC(=O)[C@H](CC(N)=O)NC(=O)[C@H](CC(C)C)NC(=O)[C@H](CO)NC(C)=O)C(=O)N[C@H](C(=O)OC)C(C)C,CC[C@@H](C)[C@H](NC(=O)[C@@H]1CCCN1C[C@@H](O)[C@H](Cc1ccccc1)NC(=O)[C@H](CC(N)=O)NC(=O)[C@H](CC(C)C)NC(C)=O)C(=O)N[C@H](C(=O)OC)C(C)C,0.9529411764705882,9.62,7.68,1.9399999999999995,1.0,1.0
CHEMBL3349485,CHEMBL2311136,CC[C@H](C)[C@H](NC(=O)[C@@H]1CCCN1C[C@@H](O)[C@H](Cc1ccccc1)NC(=O)[C@H](CC(N)=O)NC(=O)[C@H](CC(C)C)NC(=O)[C@H](CO)NC(C)=O)C(=O)N[C@H](C(=O)OC)C(C)C,CC[C@@H](C)[C@H](NC(=O)[C@@H]1CCCN1C[C@@H](O)[C@H](Cc1ccccc1)NC(=O)[C@H](CC(N)=O)NC(=O)[C@H](CC(C)C)NC(C)=O)C(=O)N[C@H](C(=O)OC)C(C)C,0.9529411764705882,9.62,7.68,1.9399999999999995,1.0,1.0
CHEMBL2111771,CHEMBL116965,CCC[C@@]1(CCc2ccccc2)CC(=O)C([C@@H](CC)c2cccc(NS(=O)(=O)c3cn(C)cn3)c2)=C(O)O1,CCC(C1=C(O)OC(CCc2ccccc2)(CCc2ccccc2)CC1=O)c1cccc(NS(=O)(=O)c2cn(C)cn2)c1,0.9577464788732394,9.52,7.595000000000001,1.924999999999999,1.0,1.0
CHEMBL127589,CHEMBL341089,O=C(N[C@H]1c2ccccc2OC[C@H]1O)[C@H](Cc1cccnc1)C[C@H](O)CN1CCN(Cc2ccn(-c3ccc(Cl)cc3)c2)C[C@H]1C(=O)NCC(F)(F)F,O=C(N[C@H]1c2ccccc2OC[C@H]1O)[C@H](Cc1cccnc1)C[C@H](O)CN1CCN(Cc2ccn(-c3ccccc3)c2)C[C@H]1C(=O)NCC(F)(F)F,0.9278350515463918,10.52,8.6,1.92,1.0,1.0
CHEMBL5204718,CHEMBL4643796,CC(C)CN(C[C@@H](O)[C@H](Cc1ccccc1)NC(=O)c1ccc(O)c(O)c1)S(=O)(=O)c1ccc(C(F)(F)F)cc1,C[C@H](O)CN(C[C@@H](O)[C@H](Cc1ccccc1)NC(=O)c1ccc(O)c(O)c1)S(=O)(=O)c1ccc(C(F)(F)F)cc1,0.90625,10.11,8.19,1.92,1.0,1.0
CHEMBL297492,CHEMBL49068,COC(=O)[C@@H](NC(=O)[C@@H](NC(=O)CC[C@H](O)[C@H](Cc1ccccc1)NC(=O)[C@H](C)NC(=O)[C@H](C)NC(=O)[C@@H](N)CO)C(C)C)C(C)C,COC(=O)[C@@H](NC(=O)[C@@H](NC(=O)CC[C@@H](O)[C@H](Cc1ccccc1)NC(=O)[C@H](C)NC(=O)[C@H](C)NC(=O)[C@@H](N)CO)C(C)C)C(C)C,1.0,7.21,5.31,1.9000000000000004,1.0,0.0
CHEMBL335737,CHEMBL132577,CCC(C1=C(O)OC2CCCCCC2C1=O)c1cccc(NS(=O)(=O)c2ccc(C#N)cc2)c1,CCC(C1=C(O)OC2CCCCC2C1=O)c1cccc(NS(=O)(=O)c2ccc(C#N)cc2)c1,0.984375,9.72,7.82,1.9000000000000004,1.0,1.0
CHEMBL76352,CHEMBL306810,CC(C)(C)NC(=O)[C@@H]1C[C@@H]2CCCC[C@@H]2CN1C[C@@H](O)[C@H](Cc1ccccc1)NC(=O)[C@@H](NC(=O)c1ccc2ccccc2n1)[C@H]1CCS(=O)(=O)C1,CC(C)(C)NC(=O)[C@@H]1C[C@@H]2CCCC[C@@H]2CN1C[C@@H](O)[C@H](Cc1ccccc1)NC(=O)[C@@H](NC(=O)c1ccc2ccccc2n1)[C@@H]1CCS(=O)(=O)C1,1.0,9.3,7.41,1.8900000000000006,1.0,1.0
CHEMBL2369717,CHEMBL1790834,CC[C@H](C)[C@H](NC(=O)[C@H](CCC(N)=O)NC(=O)[C@@H]1CCCN1C(=O)CCCCCCCCCCCCCCC(=O)N[C@@H](CO)C(=O)N[C@H](C(=O)N[C@@H](CC(C)C)C(=O)N[C@@H](CC(N)=O)C(=O)N[C@@H](Cc1ccccc1)C(=O)O)[C@@H](C)O)C(=O)N[C@H](C(=O)N[C@@H](CC(C)C)C(=O)N[C@@H](Cc1c[nH]c2ccccc12)C(=O)O)[C@H](C)O,CC[C@H](C)[C@H](NC(=O)[C@H](CCC(N)=O)NC(=O)[C@@H]1CCCN1C(=O)CCCCCC#CCCCCCC(=O)N[C@H](CO)C(=O)N[C@@H](C(=O)N[C@H](CC(C)C)C(=O)N[C@H](CC(N)=O)C(=O)N[C@H](Cc1ccccc1)C(=O)O)[C@H](C)O)C(=O)N[C@H](C(=O)N[C@@H](CC(C)C)C(=O)N[C@@H](Cc1c[nH]c2ccccc12)C(=O)O)[C@@H](C)O,0.9528301886792453,6.5600000000000005,4.68,1.8800000000000008,1.0,0.0
CHEMBL290576,CHEMBL358262,O=C1N(Cc2ccccc2)[C@H](Cc2ccccc2)[C@H](O)[C@@H](O)[C@@H](Cc2ccccc2)N1Cc1ccccc1,O=C1N(Cc2ccccc2)[C@H](Cc2ccccc2)[C@H](O)[C@H](O)[C@H](Cc2ccccc2)N1Cc1ccccc1,1.0,8.47,6.6,1.870000000000001,1.0,1.0
CHEMBL5174561,CHEMBL4639705,CC(C)CN(C[C@@H](O)[C@H](Cc1ccccc1)NC(=O)c1cc(O)cc(O)c1)S(=O)(=O)c1ccc([N+](=O)[O-])cc1,C[C@@H](O)CN(C[C@@H](O)[C@H](Cc1ccccc1)NC(=O)c1cc(O)cc(O)c1)S(=O)(=O)c1ccc([N+](=O)[O-])cc1,0.9032258064516129,10.19,8.32,1.8699999999999992,1.0,1.0
CHEMBL2092978,CHEMBL116965,CCC[C@]1(CCc2ccccc2)CC(=O)C([C@@H](CC)c2cccc(NS(=O)(=O)c3cn(C)cn3)c2)=C(O)O1,CCC(C1=C(O)OC(CCc2ccccc2)(CCc2ccccc2)CC1=O)c1cccc(NS(=O)(=O)c2cn(C)cn2)c1,0.9577464788732394,9.46,7.595000000000001,1.8650000000000002,1.0,1.0
CHEMBL281034,CHEMBL283885,O=C1N(CCCCCCO)[C@H](Cc2ccccc2)[C@H](O)[C@@H](O)[C@@H](Cc2ccccc2)N1CCCCCCO,O=C1N(CCCCCCCO)[C@H](Cc2ccccc2)[C@H](O)[C@@H](O)[C@@H](Cc2ccccc2)N1CCCCCCCO,1.0,9.33,7.47,1.8600000000000003,1.0,1.0
CHEMBL302859,CHEMBL469086,COc1ccc(S(=O)(=O)N(CC(C)C)CC(O)C(Cc2ccccc2)NC(=O)O[C@H]2CO[C@H]3OCC[C@H]32)cc1,COc1ccc(S(=O)(=O)N(CC(C)C)C[C@@H](O)[C@H](Cc2ccccc2)NC(=O)O[C@H]2CO[C@H]3OCC[C@H]32)cc1,1.0,10.82,8.96,1.8599999999999994,1.0,1.0
CHEMBL2110204,CHEMBL166757,Cc1cc(SC2=C(O)O[C@](CCc3ccc(O)cc3)(C(C)C)CC2=O)c(C(C)(C)C)cc1OS(C)(=O)=O,Cc1cc(SC2=C(O)OC(CCc3ccc(O)cc3)(C(C)C)CC2=O)c(C(C)(C)C)cc1OS(C)(=O)=O,1.0,10.52,8.66,1.8599999999999994,1.0,1.0
CHEMBL48770,CHEMBL2304142,CC[C@H](C)[C@H](NC(=O)[C@H](CC(C)C)[C@@H](O)[C@H](O)[C@H](CC(C)C)NC(=O)[C@H](Cc1c[nH]cn1)NC(=O)COc1cccc2ccccc12)C(=O)NCc1ccccn1,CC[C@@H](C)[C@H](NC(=O)[C@@H](CC(C)C)C(O)C(O)[C@H](CC(C)C)NC(=O)C(Cc1c[nH]cn1)NC(=O)COc1cccc2ccccc12)C(=O)NCc1ccccn1,1.0,8.15,6.3,1.8500000000000005,1.0,
CHEMBL3350100,CHEMBL3350107,O=S1(=O)N(Cc2ccccc2)[C@@H](COc2ccccc2)[C@@H](O)[C@H](O)[C@H](COc2ccccc2)N1Cc1cccc(-c2cccs2)c1,O=S1(=O)N(Cc2ccc(-c3cccs3)cc2)[C@@H](COc2ccccc2)[C@@H](O)[C@H](O)[C@H](COc2ccccc2)N1Cc1cccc(-c2cccs2)c1,0.9622641509433962,7.07,5.22,1.8500000000000005,1.0,0.0
CHEMBL121545,CHEMBL122388,Cc1cc(SC2=C(O)OC(CCc3ccc(O)cc3)(c3ccccc3)CC2=O)c(C(C)(C)C)cc1CO,Cc1cc(SC2=C(O)OC(CCc3ccc(O)cc3)(c3ccc(O)cc3)CC2=O)c(C(C)(C)C)cc1CO,0.9206349206349206,8.77,6.92,1.8499999999999996,1.0,1.0
CHEMBL306073,CHEMBL1907857,Cc1cc(SC2=C(O)OC(CCc3ccsc3)(C(C)C)CC2=O)c(C(C)(C)C)cc1CO,Cc1cc(SC2=C(O)O[C@@](CCc3ccsc3)(C(C)C)CC2=O)c(C(C)(C)C)cc1CO,1.0,9.77,7.94,1.8299999999999992,1.0,1.0
CHEMBL131508,CHEMBL132231,COc1cccc(CN2C(=O)N(Cc3cccc(C(=O)Nc4cnccn4)c3)[C@H](Cc3ccccc3)[C@H](O)[C@@H](O)[C@H]2Cc2ccccc2)c1,COc1cc(CN2C(=O)N(Cc3cccc(C(=O)Nc4cnccn4)c3)[C@H](Cc3ccccc3)[C@H](O)[C@@H](O)[C@H]2Cc2ccccc2)cc(OC)c1,0.9375,10.42,8.6,1.8200000000000003,1.0,1.0
CHEMBL334312,CHEMBL21291,O=C1N(Cc2ccccc2)[C@H](Cc2ccccc2)[C@@H](O)[C@H](O)[C@@H](Cc2ccccc2)N1Cc1ccccc1,O=C1N(Cc2ccccc2)[C@@H](Cc2ccccc2)C(O)[C@H](Cc2ccccc2)N1Cc1ccccc1,0.9333333333333333,5.87,4.05,1.8200000000000003,,0.0
CHEMBL313208,CHEMBL313944,COc1cccc(N2C(=O)N(Cc3cccc(C(=O)Nc4cnccn4)c3)[C@H](Cc3ccccc3)[C@H](O)[C@@H](O)[C@H]2Cc2ccccc2)c1,COc1cc(OC)cc(N2C(=O)N(Cc3cccc(C(=O)Nc4cnccn4)c3)[C@H](Cc3ccccc3)[C@H](O)[C@@H](O)[C@H]2Cc2ccccc2)c1,0.9264705882352942,10.42,8.6,1.8200000000000003,1.0,1.0
CHEMBL273927,CHEMBL269412,CC[C@@H]1[C@H](O)[C@@H](O)[C@@H](Cc2ccccc2)N(Cc2cccc(C(=O)Nc3nc4ccccc4[nH]3)c2)C(=O)N1Cc1cccc(C(=O)Nc2nc3ccccc3[nH]2)c1,CC[C@@H]1[C@H](O)[C@@H](O)[C@@H](CC)N(Cc2cccc(C(=O)Nc3nc4ccccc4[nH]3)c2)C(=O)N1Cc1cccc(C(=O)Nc2nc3ccccc3[nH]2)c1,0.9152542372881356,10.16,8.35,1.8100000000000005,1.0,1.0
CHEMBL2369717,CHEMBL1790824,CC[C@H](C)[C@H](NC(=O)[C@H](CCC(N)=O)NC(=O)[C@@H]1CCCN1C(=O)CCCCCCCCCCCCCCC(=O)N[C@@H](CO)C(=O)N[C@H](C(=O)N[C@@H](CC(C)C)C(=O)N[C@@H](CC(N)=O)C(=O)N[C@@H](Cc1ccccc1)C(=O)O)[C@@H](C)O)C(=O)N[C@H](C(=O)N[C@@H](CC(C)C)C(=O)N[C@@H](Cc1c[nH]c2ccccc12)C(=O)O)[C@H](C)O,CC[C@H](C)[C@H](NC(=O)[C@H](CCC(N)=O)NC(=O)[C@@H]1CCCN1C(=O)CCCCCC/C=C/CCCCCCC(=O)N[C@H](CO)C(=O)N[C@@H](C(=O)N[C@H](CC(C)C)C(=O)N[C@H](CC(N)=O)C(=O)N[C@H](Cc1ccccc1)C(=O)O)[C@H](C)O)C(=O)N[C@H](C(=O)N[C@@H](CC(C)C)C(=O)N[C@@H](Cc1c[nH]c2ccccc12)C(=O)O)[C@@H](C)O,0.9439252336448598,6.5600000000000005,4.76,1.8000000000000007,1.0,0.0
CHEMBL334573,CHEMBL341089,O=C(N[C@H]1c2ccccc2OC[C@H]1O)[C@H](Cc1cccnc1)C[C@H](O)CN1CCN(Cc2ccn(-c3ccc(C(F)(F)F)cc3)c2)C[C@H]1C(=O)NCC(F)(F)F,O=C(N[C@H]1c2ccccc2OC[C@H]1O)[C@H](Cc1cccnc1)C[C@H](O)CN1CCN(Cc2ccn(-c3ccccc3)c2)C[C@H]1C(=O)NCC(F)(F)F,0.9278350515463918,10.4,8.6,1.8000000000000007,1.0,1.0
CHEMBL299667,CHEMBL301948,CC(C)(C)OC(=O)N[C@@H](Cc1ccccc1)[C@@H](O)CC(=O)N[C@@H](CCC(=O)O)C(=O)N[C@@H](Cc1ccccc1)C(=O)O,CC(C)(C)OC(=O)N[C@@H](Cc1ccccc1)[C@H](O)CC(=O)N[C@@H](CCC(=O)O)C(=O)N[C@@H](Cc1ccccc1)C(=O)O,1.0,7.2,5.4,1.7999999999999998,1.0,0.0
CHEMBL4875597,CHEMBL5419886,COc1ccc(S(=O)(=O)N(CC(C)C)C[C@@H](O)[C@H](Cc2ccccc2)NC(=O)[C@H]2CCCNC2)cc1,COc1ccc(S(=O)(=O)N(CC(C)C)C[C@@H](O)[C@H](Cc2ccccc2)NC(=O)[C@H]2CCNC2)cc1,0.9104477611940298,8.0,6.22,1.7800000000000002,1.0,
CHEMBL3349479,CHEMBL3349553,CC[C@H](C)[C@H](NC(=O)C1CCCN1C[C@@H](O)[C@H](Cc1ccccc1)NC(=O)[C@H](CC(N)=O)NC(=O)[C@H](Cc1ccc(-c2ccccc2)cc1)NC(=O)OC(C)(C)C)C(=O)N[C@H](C(=O)OC)C(C)C,CC[C@H](C)[C@H](NC(=O)[C@@H]1CCCN1C[C@@H](O)[C@H](Cc1ccccc1)NC(=O)[C@H](CC(N)=O)NC(=O)OC(C)(C)C)C(=O)N[C@H](C(=O)OC)C(C)C,0.9195402298850575,7.85,6.07,1.7799999999999994,1.0,
CHEMBL357257,CHEMBL423946,O=C1N(Cc2ccccc2)[C@H](Cc2ccccc2)[C@H](O)[C@@H](O)[C@H](Cc2ccccc2)N1Cc1ccccc1,O=C1N(Cc2ccccc2)[C@@H](Cc2ccccc2)[C@@H](O)[C@H](O)[C@H](Cc2ccccc2)N1Cc1ccccc1,1.0,7.19,5.42,1.7700000000000005,1.0,0.0
CHEMBL1790665,CHEMBL1790672,CC[C@H](C)[C@H](NC(=O)[C@@H]1CCCN1C[C@H](O)[C@H]1Cc2ccc(cc2)OCCCCC(=O)NC(CC(N)=O)C(=O)N1)C(=O)N[C@H](C(N)=O)C(C)C,CC[C@H](C)[C@H](NC(=O)[C@@H]1CCCN1C[C@@H](O)[C@H]1Cc2ccc(cc2)OCCCC(=O)NC(CC(N)=O)C(=O)N1)C(=O)N[C@H](C(N)=O)C(C)C,0.9761904761904762,8.1,6.33,1.7699999999999996,1.0,
CHEMBL314052,CHEMBL432190,CCCCCCN1C(=O)N(CCCCCC)[C@H](Cc2ccccc2)[C@H](O)[C@@H](O)[C@H]1Cc1ccccc1,CCCCCCCN1C(=O)N(CCCCCCC)[C@H](Cc2ccccc2)[C@H](O)[C@@H](O)[C@H]1Cc1ccccc1,1.0,8.34,6.58,1.7599999999999998,1.0,1.0
CHEMBL178605,CHEMBL181347,Cc1ccc(S(=O)(=O)N(CC(C)C)[C@H](CCCCNC(=O)OCC2c3ccccc3-c3ccccc32)C(=O)O)cc1,CC(C)CN([C@@H](CCCCNC(=O)OCC1c2ccccc2-c2ccccc21)C(=O)O)S(=O)(=O)c1ccccc1,0.9032258064516129,9.48,7.73,1.75,1.0,1.0
CHEMBL3350055,CHEMBL106486,CC(C)[C@H](NC(=O)OCc1ccccn1)C(=O)N[C@@H](Cc1ccccc1)[C@H](O)[C@H](O)[C@H](Cc1ccccc1)NC(=O)[C@@H](NC(=O)OCc1ccccn1)C(C)C,CC(C)[C@H](NC(=O)OCc1ccccn1)C(=O)N[C@@H](Cc1ccccc1)C(O)[C@H](Cc1ccccc1)NC(=O)[C@H](NC(=O)OCc1ccccn1)C(C)C,0.96,10.05,8.32,1.7300000000000004,1.0,1.0
CHEMBL125448,CHEMBL126166,O=C(O)CCCCC1(c2ccccc2)CC(=O)C(SCCc2ccccc2)=C(O)O1,O=C(O)CCCC1(c2ccccc2)CC(=O)C(SCCc2ccccc2)=C(O)O1,0.9387755102040817,8.3,6.57,1.7300000000000004,1.0,1.0
CHEMBL335073,CHEMBL3350214,COC(=O)[C@@H](NC(=O)[C@H](CC(C)C)NC(=O)[C@@H]1CCCN1C[C@@H](O)[C@H](Cc1ccccc1)NC(=O)[C@H](CC(N)=O)NC(=O)OC(C)(C)C)C(C)C,COC(=O)[C@@H](NC(=O)[C@H](CC(C)C)NC(=O)[C@@H]1CCCN1C[C@H](O)[C@H](Cc1ccccc1)NC(=O)[C@H](CC(N)=O)NC(=O)OC(C)(C)C)C(C)C,1.0,7.8,6.07,1.7299999999999995,1.0,
CHEMBL3349554,CHEMBL3349553,CC[C@H](C)[C@H](NC(=O)[C@@H]1CCCN1C[C@H](O)[C@H](Cc1ccccc1)NC(=O)[C@H](CC(N)=O)NC(=O)OC(C)(C)C)C(=O)N[C@H](C(=O)OC)C(C)C,CC[C@H](C)[C@H](NC(=O)[C@@H]1CCCN1C[C@@H](O)[C@H](Cc1ccccc1)NC(=O)[C@H](CC(N)=O)NC(=O)OC(C)(C)C)C(=O)N[C@H](C(=O)OC)C(C)C,1.0,7.8,6.07,1.7299999999999995,1.0,
CHEMBL330693,CHEMBL95137,CC(C)(C)NC(=O)c1c(CC[C@H](O)Cc2ccc3ccccc3c2C(=O)NC(C)(C)C)ccc2ccccc12,CC(C)(C)NC(=O)c1c(CC[C@@H](O)Cc2ccc3ccccc3c2C(=O)NC(C)(C)C)ccc2ccccc12,1.0,6.32,4.6,1.7200000000000006,,0.0
CHEMBL342576,CHEMBL21291,O=C1N(Cc2ccccc2)[C@@H](Cc2ccccc2)[C@H](O)[C@H](O)[C@H](Cc2ccccc2)N1Cc1ccccc1,O=C1N(Cc2ccccc2)[C@@H](Cc2ccccc2)C(O)[C@H](Cc2ccccc2)N1Cc1ccccc1,0.9333333333333333,5.77,4.05,1.7199999999999998,,0.0
CHEMBL438804,CHEMBL198534,CC(C)[C@H](NC(=O)OCc1ccccc1)C(=O)NN(Cc1ccc(Br)cc1)C[C@@](O)(Cc1ccccc1)C(=O)N[C@H]1c2ccccc2C[C@H]1O,CC(C)[C@H](NC(=O)OCc1ccccc1)C(=O)NN(Cc1ccccc1)C[C@](O)(Cc1ccccc1)C(=O)N[C@H]1c2ccccc2C[C@H]1O,0.9178082191780822,7.77,6.06,1.71,1.0,
CHEMBL168640,CHEMBL378214,COC(=O)N[C@H](C(=O)NCCCC[C@@H](CO)N(CC(C)C)S(=O)(=O)c1ccc(N)cc1)C(c1ccccc1)c1ccccc1,COC(=O)N[C@H](C(=O)NCCCC[C@H](CO)N(CC(C)C)S(=O)(=O)c1ccc(N)cc1)C(c1ccccc1)c1ccccc1,1.0,9.3,7.6,1.700000000000001,1.0,1.0
CHEMBL128336,CHEMBL341089,O=C(N[C@H]1c2ccccc2OC[C@H]1O)[C@H](Cc1cccnc1)C[C@H](O)CN1CCN(Cc2ccn(-c3ccc(F)cc3)c2)C[C@H]1C(=O)NCC(F)(F)F,O=C(N[C@H]1c2ccccc2OC[C@H]1O)[C@H](Cc1cccnc1)C[C@H](O)CN1CCN(Cc2ccn(-c3ccccc3)c2)C[C@H]1C(=O)NCC(F)(F)F,0.9375,10.3,8.6,1.700000000000001,1.0,1.0
CHEMBL276081,CHEMBL341089,O=C(N[C@H]1c2ccccc2OC[C@H]1O)[C@H](Cc1cccnc1)C[C@H](O)CN1CCN(Cc2ccn(-c3cccc(Cl)c3)c2)C[C@H]1C(=O)NCC(F)(F)F,O=C(N[C@H]1c2ccccc2OC[C@H]1O)[C@H](Cc1cccnc1)C[C@H](O)CN1CCN(Cc2ccn(-c3ccccc3)c2)C[C@H]1C(=O)NCC(F)(F)F,0.9,10.3,8.6,1.700000000000001,1.0,1.0
CHEMBL340729,CHEMBL341089,O=C(N[C@H]1c2ccccc2OC[C@H]1O)[C@H](Cc1cccnc1)C[C@H](O)CN1CCN(Cc2ccn(-c3cccc(F)c3)c2)C[C@H]1C(=O)NCC(F)(F)F,O=C(N[C@H]1c2ccccc2OC[C@H]1O)[C@H](Cc1cccnc1)C[C@H](O)CN1CCN(Cc2ccn(-c3ccccc3)c2)C[C@H]1C(=O)NCC(F)(F)F,0.9,10.3,8.6,1.700000000000001,1.0,1.0
CHEMBL280398,CHEMBL278823,CC(C)[C@H](NC(=O)OCc1ccccc1)C(=O)NC(Cc1ccc(OCc2ccccc2)cc1)C(=O)C(F)(F)C(=O)N[C@H](COCc1ccccc1)C(C)C,CC(C)[C@@H](COCc1ccccc1)NC(=O)C(F)(F)C(=O)C(Cc1ccc(OCc2ccccc2)cc1)NC(=O)[C@H](NC(=O)OCc1ccccc1)C(C)C,1.0,7.4,5.7,1.7000000000000002,1.0,
CHEMBL5173491,CHEMBL4635224,COc1ccc(C(=O)N[C@@H](Cc2ccccc2)[C@H](O)CN(CC(C)C)S(=O)(=O)c2ccc([N+](=O)[O-])cc2)c(O)c1,COc1ccc(C(=O)N[C@@H](Cc2ccccc2)[C@H](O)CN(C[C@@H](C)O)S(=O)(=O)c2ccc([N+](=O)[O-])cc2)c(O)c1,0.9130434782608695,7.9,6.2,1.7000000000000002,1.0,
CHEMBL90313,CHEMBL90645,CC(C)[C@@H]1[C@H](OC(=O)N[C@@H](Cc2ccccc2)[C@H](O)CN2CCN(C3CC3)C[C@H]2C(=O)NC(C)(C)C)CCS1(=O)=O,CC(C)[C@@H]1[C@H](OC(=O)N[C@@H](Cc2ccccc2)[C@H](O)CN2CCN(C3CCSCC3)C[C@H]2C(=O)NC(C)(C)C)CCS1(=O)=O,0.9102564102564102,8.32,6.62,1.7000000000000002,1.0,1.0
CHEMBL299667,CHEMBL50810,CC(C)(C)OC(=O)N[C@@H](Cc1ccccc1)[C@@H](O)CC(=O)N[C@@H](CCC(=O)O)C(=O)N[C@@H](Cc1ccccc1)C(=O)O,CC(C)(C)OC(=O)N[C@H](Cc1ccccc1)[C@H](O)CC(=O)N[C@@H](CCC(=O)O)C(=O)N[C@@H](Cc1ccccc1)C(=O)O,1.0,7.2,5.52,1.6800000000000006,1.0,
CHEMBL129900,CHEMBL16316,CCC(c1cccc(NS(=O)(=O)c2ccc(C#N)cc2)c1)c1c(O)c2c(oc1=O)CCCC2,CCC(c1cccc(NS(=O)(=O)c2ccc(C#N)cc2)c1)c1c(O)c2c(oc1=O)CCCCCC2,0.9833333333333333,10.19,8.51,1.6799999999999997,1.0,1.0
CHEMBL2369717,CHEMBL1790831,CC[C@H](C)[C@H](NC(=O)[C@H](CCC(N)=O)NC(=O)[C@@H]1CCCN1C(=O)CCCCCCCCCCCCCCC(=O)N[C@@H](CO)C(=O)N[C@H](C(=O)N[C@@H](CC(C)C)C(=O)N[C@@H](CC(N)=O)C(=O)N[C@@H](Cc1ccccc1)C(=O)O)[C@@H](C)O)C(=O)N[C@H](C(=O)N[C@@H](CC(C)C)C(=O)N[C@@H](Cc1c[nH]c2ccccc12)C(=O)O)[C@H](C)O,CC[C@H](C)[C@H](NC(=O)[C@H](CCC(N)=O)NC(=O)[C@@H]1CCCN1C(=O)CCCCCCCCCCCCC(=O)N[C@H](CO)C(=O)N[C@@H](C(=O)N[C@H](CC(C)C)C(=O)N[C@H](CC(N)=O)C(=O)N[C@H](Cc1ccccc1)C(=O)O)[C@H](C)O)C(=O)N[C@H](C(=O)N[C@@H](CC(C)C)C(=O)N[C@@H](Cc1c[nH]c2ccccc12)C(=O)O)[C@@H](C)O,1.0,6.5600000000000005,4.89,1.6700000000000008,1.0,0.0
CHEMBL2369717,CHEMBL1790826,CC[C@H](C)[C@H](NC(=O)[C@H](CCC(N)=O)NC(=O)[C@@H]1CCCN1C(=O)CCCCCCCCCCCCCCC(=O)N[C@@H](CO)C(=O)N[C@H](C(=O)N[C@@H](CC(C)C)C(=O)N[C@@H](CC(N)=O)C(=O)N[C@@H](Cc1ccccc1)C(=O)O)[C@@H](C)O)C(=O)N[C@H](C(=O)N[C@@H](CC(C)C)C(=O)N[C@@H](Cc1c[nH]c2ccccc12)C(=O)O)[C@H](C)O,CC[C@H](C)[C@H](NC(=O)[C@H](CCC(N)=O)NC(=O)[C@@H]1CCCN1C(=O)CCCCCC/C=C\CCCCCCC(=O)N[C@H](CO)C(=O)N[C@@H](C(=O)N[C@H](CC(C)C)C(=O)N[C@H](CC(N)=O)C(=O)N[C@H](Cc1ccccc1)C(=O)O)[C@H](C)O)C(=O)N[C@H](C(=O)N[C@@H](CC(C)C)C(=O)N[C@@H](Cc1c[nH]c2ccccc12)C(=O)O)[C@@H](C)O,0.9439252336448598,6.5600000000000005,4.89,1.6700000000000008,1.0,0.0
CHEMBL2110206,CHEMBL169037,Cc1cc(SC2=C(O)O[C@](CCc3ccccc3)(C(C)C)CC2=O)c(C(C)(C)C)cc1NS(=O)(=O)c1ccc(C#N)cc1,Cc1cc(SC2=C(O)OC(CCc3ccccc3)(C(C)C)CC2=O)c(C(C)(C)C)cc1NS(=O)(=O)c1ccc(C#N)cc1,1.0,9.7,8.04,1.6600000000000001,1.0,1.0
CHEMBL263072,CHEMBL184445,O=C(N[C@H]1c2ccccc2C[C@H]1O)[C@H](Cc1ccccc1)C[C@H](O)CN1C(=O)[C@@H](Cc2ccccc2)C[C@@H]1Cc1ccccc1,Nc1ccc(CC2C[C@H](Cc3ccccc3)N(C[C@@H](O)C[C@@H](Cc3ccccc3)C(=O)NC3c4ccccc4C[C@H]3O)C2=O)cc1,0.9104477611940298,10.3,8.64,1.6600000000000001,1.0,1.0
CHEMBL109500,CHEMBL3350212,CC[C@H](C)[C@H](NC(=O)[C@@H]1CCCN1C[C@H](O)[C@H](Cc1ccccc1)NC(=O)[C@H](CC(N)=O)NC(=O)[C@H](CC(C)C)NC(=O)[C@H](CO)NC(C)=O)C(=O)N[C@H](C(=O)OC)C(C)C,COC(=O)[C@@H](NC(=O)[C@H](CC(C)C)NC(=O)[C@@H]1CCCN1C[C@H](O)[C@H](Cc1ccccc1)NC(=O)[C@H](CC(N)=O)NC(=O)[C@H](CC(C)C)NC(=O)[C@H](CO)NC(C)=O)C(C)C,0.9058823529411765,8.825,7.19,1.634999999999999,1.0,1.0
CHEMBL3349490,CHEMBL3349553,CC[C@H](C)[C@H](NC(=O)C1CCCN1C[C@@H](O)[C@H](Cc1ccccc1)NC(=O)[C@H](CC(N)=O)NC(=O)[C@H](CCc1ccccc1)NC(=O)OC(C)(C)C)C(=O)N[C@H](C(=O)OC)C(C)C,CC[C@H](C)[C@H](NC(=O)[C@@H]1CCCN1C[C@@H](O)[C@H](Cc1ccccc1)NC(=O)[C@H](CC(N)=O)NC(=O)OC(C)(C)C)C(=O)N[C@H](C(=O)OC)C(C)C,0.9195402298850575,7.7,6.07,1.63,1.0,
CHEMBL120610,CHEMBL358262,O=C1N(Cc2ccccc2)[C@H](Cc2ccccc2)[C@H](O)[C@H](O)[C@@H](Cc2ccccc2)N1Cc1ccccc1,O=C1N(Cc2ccccc2)[C@H](Cc2ccccc2)[C@H](O)[C@H](O)[C@H](Cc2ccccc2)N1Cc1ccccc1,1.0,8.22,6.6,1.620000000000001,1.0,1.0
CHEMBL340733,CHEMBL341089,Cc1ccc(-n2ccc(CN3CCN(C[C@@H](O)C[C@@H](Cc4cccnc4)C(=O)N[C@H]4c5ccccc5OC[C@H]4O)[C@H](C(=O)NCC(F)(F)F)C3)c2)cc1,O=C(N[C@H]1c2ccccc2OC[C@H]1O)[C@H](Cc1cccnc1)C[C@H](O)CN1CCN(Cc2ccn(-c3ccccc3)c2)C[C@H]1C(=O)NCC(F)(F)F,0.9278350515463918,10.22,8.6,1.620000000000001,1.0,1.0
CHEMBL106805,CHEMBL317881,CC(C)CNC(=O)C[C@@H](O)[C@@H](Cc1ccccc1)NC(=O)[C@@H]1N[C@@H]([C@H](NC(=O)Cc2ccccc2)C(=O)NCc2ccccc2)SC1(C)C,CC(C)CNC(=O)C[C@H](O)[C@@H](Cc1ccccc1)NC(=O)[C@@H]1N[C@@H]([C@H](NC(=O)Cc2ccccc2)C(=O)NCc2ccccc2)SC1(C)C,1.0,7.16,5.55,1.6100000000000003,1.0,
CHEMBL4875597,CHEMBL5402855,COc1ccc(S(=O)(=O)N(CC(C)C)C[C@@H](O)[C@H](Cc2ccccc2)NC(=O)[C@H]2CCCNC2)cc1,COc1ccc(S(=O)(=O)N(CC(C)C)C[C@@H](O)[C@H](Cc2ccccc2)NC(=O)[C@@H]2CCNC2)cc1,0.9104477611940298,8.0,6.39,1.6100000000000003,1.0,
CHEMBL319092,CHEMBL98885,O=C(N[C@@H](Cc1ccccc1)[C@@H](O)C[C@@H](Cc1ccccc1)C(=O)N[C@H]1c2ccccc2C[C@H]1O)O[C@@H]1CCOC1,O=C(N[C@@H](Cc1ccccc1)[C@@H](O)C[C@@H](Cc1ccccc1)C(=O)N[C@H]1c2ccccc2C[C@H]1O)OC1CCOCC1,0.9090909090909091,10.52,8.91,1.6099999999999994,1.0,1.0
CHEMBL2062160,CHEMBL98885,O=C(N[C@@H](Cc1ccccc1)[C@@H](O)C[C@@H](Cc1ccccc1)C(=O)N[C@H]1c2ccccc2C[C@H]1O)OC1CCOC1,O=C(N[C@@H](Cc1ccccc1)[C@@H](O)C[C@@H](Cc1ccccc1)C(=O)N[C@H]1c2ccccc2C[C@H]1O)OC1CCOCC1,0.9090909090909091,10.52,8.91,1.6099999999999994,1.0,1.0
CHEMBL5199325,CHEMBL4636012,CC(C)CN(C[C@@H](O)[C@H](Cc1ccccc1)NC(=O)c1ccc(O)c(O)c1)S(=O)(=O)c1ccc([N+](=O)[O-])cc1,C[C@@H](O)CN(C[C@@H](O)[C@H](Cc1ccccc1)NC(=O)c1ccc(O)c(O)c1)S(=O)(=O)c1ccc([N+](=O)[O-])cc1,0.90625,9.6,7.99,1.6099999999999994,1.0,1.0
CHEMBL47476,CHEMBL295314,CC(C)(C)OC(=O)N[C@@H](Cc1ccccc1)[C@H](O)CNC[C@@H](O)[C@H](Cc1ccccc1)NC(=O)OC(C)(C)C,CC(C)(C)OC(=O)N[C@@H](Cc1ccccc1)[C@H](O)CNC[C@H](O)[C@H](Cc1ccccc1)NC(=O)OC(C)(C)C,1.0,6.95,5.35,1.6000000000000005,1.0,0.0
CHEMBL289195,CHEMBL3143341,CC(C)C[C@H](NC(=O)[C@H](Cc1ccccc1)C[C@H](O)[C@H](Cc1ccccc1)NC(=O)OC(C)(C)C)C(=O)N[C@@H](Cc1ccccc1)C(N)=O,CC(C)C[C@H](NC(=O)[C@H](Cc1ccccc1)C[C@H](O)[C@H](Cc1ccccc1)NC(=O)[C@H](Cc1ccccc1)NC(=O)OC(C)(C)C)C(=O)N[C@@H](Cc1ccccc1)C(N)=O,0.9310344827586207,9.3,7.7,1.6000000000000005,1.0,1.0
CHEMBL5173491,CHEMBL4646050,COc1ccc(C(=O)N[C@@H](Cc2ccccc2)[C@H](O)CN(CC(C)C)S(=O)(=O)c2ccc([N+](=O)[O-])cc2)c(O)c1,COc1ccc(C(=O)N[C@@H](Cc2ccccc2)[C@H](O)CN(C[C@H](C)O)S(=O)(=O)c2ccc([N+](=O)[O-])cc2)c(O)c1,0.9130434782608695,7.9,6.3,1.6000000000000005,1.0,
CHEMBL69200,CHEMBL302989,CC(C)[C@H](NC(=O)OCc1ccccc1)C(=O)N[C@@H](Cc1ccccc1)[C@H](O)CNC(=O)C[C@@H](C(=O)NC(C)(C)C)C(C)(C)C,CC(C)[C@H](NC(=O)OCc1ccccc1)C(=O)N[C@@H](Cc1ccccc1)[C@H](O)CNC(=O)C[C@H](C(=O)NC(C)(C)C)C(C)(C)C,1.0,6.9,5.31,1.5900000000000007,1.0,0.0
CHEMBL1790664,CHEMBL1790672,CC[C@H](C)[C@H](NC(=O)[C@@H]1CCCN1C[C@H](O)[C@H]1Cc2ccc(cc2)OCCCC(=O)NC(CC(N)=O)C(=O)N1)C(=O)N[C@H](C(N)=O)C(C)C,CC[C@H](C)[C@H](NC(=O)[C@@H]1CCCN1C[C@@H](O)[C@H]1Cc2ccc(cc2)OCCCC(=O)NC(CC(N)=O)C(=O)N1)C(=O)N[C@H](C(N)=O)C(C)C,1.0,7.92,6.33,1.5899999999999999,1.0,
CHEMBL370127,CHEMBL198534,CC(C)[C@H](NC(=O)OCc1ccccc1)C(=O)NN(Cc1ccccc1)C[C@@](O)(Cc1ccccc1)C(=O)N[C@H]1c2ccccc2C[C@H]1O,CC(C)[C@H](NC(=O)OCc1ccccc1)C(=O)NN(Cc1ccccc1)C[C@](O)(Cc1ccccc1)C(=O)N[C@H]1c2ccccc2C[C@H]1O,1.0,7.64,6.06,1.58,1.0,
CHEMBL363187,CHEMBL184445,O=C(NC1c2ccccc2C[C@H]1O)[C@H](Cc1ccccc1)C[C@H](O)CN1C(=O)[C@@H](Cc2ccccc2)CC1Cc1ccccc1,Nc1ccc(CC2C[C@H](Cc3ccccc3)N(C[C@@H](O)C[C@@H](Cc3ccccc3)C(=O)NC3c4ccccc4C[C@H]3O)C2=O)cc1,0.9104477611940298,10.22,8.64,1.58,1.0,1.0
CHEMBL2115564,CHEMBL78534,CCCc1cnc([C@H](Cc2ccccc2)C[C@H](O)[C@H](Cc2ccccc2)NC(=O)OC(C)(C)C)s1,CCCCc1cnc([C@H](Cc2ccccc2)C[C@H](O)[C@H](Cc2ccccc2)NC(=O)OC(C)(C)C)s1,0.9,6.16,4.58,1.58,,0.0
CHEMBL331105,CHEMBL121036,COc1ccc(S(=O)(=O)N(CC2CCCC2)C[C@@H](O)CN(CCc2ccccc2)C(=O)OC2CCS(=O)(=O)C2)cc1,COc1ccc(S(=O)(=O)N(CC2CCCC2)C[C@@H](O)CN(CCc2ccccc2)C(=O)OC2CCCS(=O)(=O)C2)cc1,0.9285714285714286,7.42,5.85,1.5700000000000003,1.0,
CHEMBL359756,CHEMBL425700,Cc1ccc(S(=O)(=O)N(CC(C)C)[C@@H](CCCCNC(=O)OCC2c3ccccc3-c3ccccc32)C(=O)O)cc1,Cc1ccc(S(=O)(=O)N(CC(C)C)[C@@H](CCCNC(=O)OCC2c3ccccc3-c3ccccc32)C(=O)O)cc1,0.9516129032258065,8.3,6.75,1.5500000000000007,1.0,1.0
CHEMBL124770,CHEMBL332554,CNC(=O)[C@H](Cc1ccccc1)NC(=O)[C@H](OCc1ccccc1)[C@H](O)[C@@H](O)[C@@H](OCc1ccccc1)C(=O)N[C@@H](Cc1ccccc1)C(=O)NC,CNC(=O)[C@H](Cc1ccc(O)cc1)NC(=O)[C@H](OCc1ccccc1)[C@H](O)[C@@H](O)[C@@H](OCc1ccccc1)C(=O)N[C@@H](Cc1ccc(O)cc1)C(=O)NC,0.9069767441860465,6.85,5.3,1.5499999999999998,1.0,0.0
CHEMBL357785,CHEMBL356211,CN(C(=O)[C@H](OCc1ccccc1)[C@H](O)[C@@H](O)[C@@H](OCc1ccccc1)C(=O)N(C)C(Cc1ccccc1)C(=O)O)C(Cc1ccccc1)C(=O)O,CN(C(=O)[C@H](OCc1ccccc1)[C@H](O)[C@@H](O)[C@@H](OCc1ccccc1)C(=O)N(C)C(Cc1ccc(O)cc1)C(=O)O)C(Cc1ccc(O)cc1)C(=O)O,0.9047619047619048,6.85,5.3,1.5499999999999998,1.0,0.0
CHEMBL280303,CHEMBL16399,Cn1cnc(S(=O)(=O)Nc2cccc([C@@H](c3c(O)c4c(oc3=O)CCCCCC4)C3CC3)c2)c1,Cn1cnc(S(=O)(=O)Nc2cccc(C(c3c(O)c4c(oc3=O)CCCCCC4)C3CC3)c2)c1,1.0,10.35,8.8,1.549999999999999,1.0,1.0
CHEMBL3349486,CHEMBL2311136,CC[C@H](C)[C@H](NC(=O)C1CCCN1C[C@@H](O)[C@H](Cc1ccccc1)NC(=O)[C@H](CC(N)=O)NC(=O)[C@H](CC(C)C)NC(=O)[C@H](CO)NC(C)=O)C(=O)N[C@H](C(=O)OC)C(C)C,CC[C@@H](C)[C@H](NC(=O)[C@@H]1CCCN1C[C@@H](O)[C@H](Cc1ccccc1)NC(=O)[C@H](CC(N)=O)NC(=O)[C@H](CC(C)C)NC(C)=O)C(=O)N[C@H](C(=O)OC)C(C)C,0.9529411764705882,9.22,7.68,1.540000000000001,1.0,1.0
CHEMBL432614,CHEMBL2311136,CC[C@H](C)[C@H](NC(=O)[C@@H]1CCCN1CC(O)[C@H](Cc1ccccc1)NC(=O)[C@H](CC(N)=O)NC(=O)[C@H](CC(C)C)NC(=O)[C@H](CO)NC(C)=O)C(=O)N[C@H](C(=O)OC)C(C)C,CC[C@@H](C)[C@H](NC(=O)[C@@H]1CCCN1C[C@@H](O)[C@H](Cc1ccccc1)NC(=O)[C@H](CC(N)=O)NC(=O)[C@H](CC(C)C)NC(C)=O)C(=O)N[C@H](C(=O)OC)C(C)C,0.9529411764705882,9.22,7.68,1.540000000000001,1.0,1.0
CHEMBL3350055,CHEMBL109371,CC(C)[C@H](NC(=O)OCc1ccccn1)C(=O)N[C@@H](Cc1ccccc1)[C@H](O)[C@H](O)[C@H](Cc1ccccc1)NC(=O)[C@@H](NC(=O)OCc1ccccn1)C(C)C,CC(C)[C@H](NC(=O)OCc1ccccn1)C(=O)N[C@@H](Cc1ccccc1)[C@@H](O)[C@H](Cc1ccccc1)NC(=O)[C@H](NC(=O)OCc1ccccc1)C(C)C,0.9230769230769231,10.05,8.52,1.5300000000000011,1.0,1.0
CHEMBL325731,CHEMBL325673,CC(C)[C@H](NS(=O)(=O)N(C)Cc1ccccn1)C(=O)N[C@@H](Cc1ccccc1)[C@H](O)[C@H](O)[C@H](Cc1ccccc1)NC(=O)[C@H](NS(=O)(=O)N(C)Cc1ccccn1)C(C)C,CC(C)[C@H](NS(=O)(=O)N(C)Cc1ccccn1)C(=O)N[C@@H](Cc1ccccc1)C(O)[C@H](Cc1ccccc1)NC(=O)[C@H](NS(=O)(=O)N(C)Cc1ccccn1)C(C)C,0.9622641509433962,7.42,5.89,1.5300000000000002,1.0,
CHEMBL262702,CHEMBL278823,CC(C)[C@H](COCc1ccccc1)NC(=O)C(F)(F)C(=O)C(Cc1ccc(OCc2ccccc2)cc1)NC(=O)[C@H](NC(=O)OCc1ccccc1)C(C)C,CC(C)[C@@H](COCc1ccccc1)NC(=O)C(F)(F)C(=O)C(Cc1ccc(OCc2ccccc2)cc1)NC(=O)[C@H](NC(=O)OCc1ccccc1)C(C)C,1.0,7.22,5.7,1.5199999999999996,1.0,
CHEMBL3349498,CHEMBL1790971,CC[C@H](C)[C@H](NC(=O)C1CCCN1C[C@@H](O)[C@H](Cc1ccccc1)NC(=O)[C@H](CC(N)=O)NC(=O)OCc1ccccc1)C(=O)N[C@H](C(=O)OC)C(C)C,CC[C@H](C)[C@H](NC(=O)[C@@H]1CCCN1CC(O)[C@H](Cc1ccccc1)NC(=O)[C@H](CC(N)=O)NC(=O)OCc1ccccc1)C(=O)N[C@H](C(=O)OC)C(C)C,1.0,8.01,6.5,1.5099999999999998,1.0,1.0
CHEMBL3350200,CHEMBL2304142,CC[C@H](C)[C@H](NC(=O)[C@H](CC(C)C)C(O)C(O)[C@H](CC(C)C)NC(=O)[C@H](Cc1c[nH]cn1)NC(=O)COc1cccc2ccccc12)C(=O)NCc1ccccn1,CC[C@@H](C)[C@H](NC(=O)[C@@H](CC(C)C)C(O)C(O)[C@H](CC(C)C)NC(=O)C(Cc1c[nH]cn1)NC(=O)COc1cccc2ccccc12)C(=O)NCc1ccccn1,1.0,7.8,6.3,1.5,1.0,
CHEMBL21188,CHEMBL118006,CCCC1(CCc2ccccc2)CC(=O)C(C(CC)c2cccc(NS(=O)(=O)c3cn(C)cn3)c2)=C(O)O1,CCCC1(CCC)CC(=O)C(C(CC)c2cccc(NS(=O)(=O)c3cn(C)cn3)c2)=C(O)O1,0.9014084507042254,8.92,7.42,1.5,1.0,1.0
