document_chembl_id,year,journal,title
CHEMBL1124753,1990,J Med Chem,Hydroxyethylamine analogues of the p17/p24 substrate cleavage site are tight-binding inhibitors of HIV protease.
CHEMBL1125068,1990,J Med Chem,"Structure-based, C2 symmetric inhibitors of HIV protease."
CHEMBL1125211,1991,J Med Chem,"Design and synthesis of HIV protease inhibitors. Variations of the carboxy terminus of the HIV protease inhibitor L-682,679."
CHEMBL1125224,1991,J Med Chem,Examination of HIV-1 protease secondary structure specificity using conformationally constrained inhibitors.
CHEMBL1125316,1992,J Med Chem,New hydroxyethylamine HIV protease inhibitors that suppress viral replication.
CHEMBL1125429,1992,J Med Chem,Intriguing structure-activity relations underlie the potent inhibition of HIV protease by norstatine-based peptides.
CHEMBL1125473,1992,J Med Chem,"A series of potent HIV-1 protease inhibitors containing a hydroxyethyl secondary amine transition state isostere: synthesis, enzyme inhibition, and antiviral activity."
CHEMBL1125526,1992,J Med Chem,Penicillin derived C2-symmetric dimers as novel inhibitors of HIV-1 proteinase.
CHEMBL1125598,1991,J Med Chem,HIV protease: a novel chemotherapeutic target for AIDS.
CHEMBL1125602,1991,J Med Chem,Inhibitors of the protease from human immunodeficiency virus: design and modeling of a compound containing a dihydroxyethylene isostere insert with high binding affinity and effective antiviral activity.
CHEMBL1125635,1991,J Med Chem,Effect of hydroxyl group configuration in hydroxyethylamine dipeptide isosteres on HIV protease inhibition. Evidence for multiple binding modes.
CHEMBL1125636,1991,J Med Chem,"L-687,908, a potent hydroxyethylene-containing HIV protease inhibitor."
CHEMBL1125637,1991,J Med Chem,Benzocycloalkyl amines as novel C-termini for HIV protease inhibitors.
CHEMBL1125803,1991,J Med Chem,Novel binding mode of highly potent HIV-proteinase inhibitors incorporating the (R)-hydroxyethylamine isostere.
CHEMBL1126030,1992,J Med Chem,Synthesis and antiviral activity of a series of HIV-1 protease inhibitors with functionality tethered to the P1 or P1' phenyl substituents: X-ray crystal structure assisted design.
CHEMBL1126244,1992,J Med Chem,HIV-1 protease inhibitors based on hydroxyethylene dipeptide isosteres: an investigation into the role of the P1' side chain on structure-activity.
CHEMBL1126254,1992,J Med Chem,Specific inhibition of HIV-1 protease by boronated porphyrins.
CHEMBL1126528,1993,Bioorg Med Chem Lett,Synthesis and biological evaluation of a series of HIV-1 protease inhibitors
CHEMBL1126530,1993,Bioorg Med Chem Lett,A concise enantioselective synthesis of rans-olefin dipeptide isosteres
CHEMBL1126565,1993,J Med Chem,Three-dimensional QSAR of human immunodeficiency virus (I) protease inhibitors. 1. A CoMFA study employing experimentally-determined alignment rules.
CHEMBL1126582,1993,J Med Chem,"Symmetry-based inhibitors of HIV protease. Structure-activity studies of acylated 2,4-diamino-1,5-diphenyl-3-hydroxypentane and 2,5-diamino-1,6-diphenylhexane-3,4-diol."
CHEMBL1126634,1993,J Med Chem,Cyclic sulfolanes as novel and high affinity P2 ligands for HIV-1 protease inhibitors.
CHEMBL1126659,1993,J Med Chem,"5-chloro-3-(phenylsulfonyl)indole-2-carboxamide: a novel, non-nucleoside inhibitor of HIV-1 reverse transcriptase."
CHEMBL1126747,1993,J Med Chem,Multiple copy simultaneous search and construction of ligands in binding sites: application to inhibitors of HIV-1 aspartic proteinase.
CHEMBL1126759,1993,J Med Chem,Potent HIV protease inhibitors: the development of tetrahydrofuranylglycines as novel P2-ligands and pyrazine amides as P3-ligands.
CHEMBL1126761,1993,J Med Chem,A novel constrained reduced-amide inhibitor of HIV-1 protease derived from the sequential incorporation of gamma-turn mimetics into a model substrate.
CHEMBL1126785,1993,J Med Chem,Peptidomimetic HIV protease inhibitors: phosphate prodrugs with improved biological activities.
CHEMBL1126824,1993,J Med Chem,Discovery of a novel class of potent HIV-1 protease inhibitors containing the (R)-(hydroxyethyl)urea isostere.
CHEMBL1126853,1993,J Med Chem,A series of penicillin-derived C2-symmetric inhibitors of HIV-1 proteinase: structural and modeling studies.
CHEMBL1126854,1993,J Med Chem,"A series of penicillin derived C2-symmetric inhibitors of HIV-1 proteinase: synthesis, mode of interaction, and structure-activity relationships."
CHEMBL1126855,1993,J Med Chem,Synthesis and structure-activity relationships of a series of penicillin-derived HIV proteinase inhibitors containing a stereochemically unique peptide isostere.
CHEMBL1127016,1993,J Med Chem,"Inhibitors of the protease from human immunodeficiency virus: synthesis, enzyme inhibition, and antiviral activity of a series of compounds containing the dihydroxyethylene transition-state isostere."
CHEMBL1127030,1993,J Med Chem,3-Tetrahydrofuran and pyran urethanes as high-affinity P2-ligands for HIV-1 protease inhibitors.
CHEMBL1127172,1993,Bioorg Med Chem Lett,Novel pseudosymmetric inhibitors of HIV-1 protease
CHEMBL1127200,1993,Bioorg Med Chem Lett,Novel dimeric penicillin derived inhibitors of HIV-1 proteinase: interaction with the catalytic aspartates
CHEMBL1127224,1993,Bioorg Med Chem Lett,"Peptidomimetic inhibitors of human immunodeficiency virus protease (HIV-PR): Design, enzyme binding and selectivity, antiviral efficacy, and cell permeability properties"
CHEMBL1127242,1994,Bioorg Med Chem Lett,Conformationally constrained HIV-1 protease inhibitors
CHEMBL1127249,1994,Bioorg Med Chem Lett,"Design, structure activity and x-ray crystallographic studies of pseudosymmetrical nonpeptidyl HIV-1 protease inhibitors"
CHEMBL1127342,1994,J Med Chem,Structure-based design of HIV protease inhibitors: 4-hydroxycoumarins and 4-hydroxy-2-pyrones as non-peptidic inhibitors.
CHEMBL1127364,1994,J Med Chem,"L-735,524: the design of a potent and orally bioavailable HIV protease inhibitor."
CHEMBL1127384,1994,J Med Chem,"Design, synthesis, and conformational analysis of a novel macrocyclic HIV-protease inhibitor."
CHEMBL1127387,1994,J Med Chem,Synthesis and structure-activity relationships of a series of penicillin-derived HIV proteinase inhibitors: heterocyclic ring systems containing P1' and P2' substituents.
CHEMBL1127464,1994,J Med Chem,"Inhibitors of HIV-1 proteinase containing 2-heterosubstituted 4-amino-3-hydroxy-5-phenylpentanoic acid: synthesis, enzyme inhibition, and antiviral activity."
CHEMBL1127465,1994,J Med Chem,"Rational design, synthesis, and crystallographic analysis of a hydroxyethylene-based HIV-1 protease inhibitor containing a heterocyclic P1'--P2' amide bond isostere."
CHEMBL1127480,1994,J Med Chem,Evaluation of a vitamin-cloaking strategy for oligopeptide therapeutics: biotinylated HIV-1 protease inhibitors.
CHEMBL1127539,1994,J Med Chem,"Aminodiol HIV protease inhibitors. 1. Design, synthesis, and preliminary SAR."
CHEMBL1127540,1994,J Med Chem,Three-dimensional pharmacophores from binding data.
CHEMBL1127584,1994,J Med Chem,Crystal-structure-based design and synthesis of novel C-terminal inhibitors of HIV protease.
CHEMBL1127605,1994,J Med Chem,Synthesis of naphthalenesulfonic acid small molecules as selective inhibitors of the DNA polymerase and ribonuclease H activities of HIV-1 reverse transcriptase.
CHEMBL1127618,1994,J Med Chem,A novel nonpeptide HIV-1 protease inhibitor: elucidation of the binding mode and its application in the design of related analogs.
CHEMBL1127634,1994,J Med Chem,Calculation of relative differences in the binding free energies of HIV1 protease inhibitors: a thermodynamic cycle perturbation approach.
CHEMBL1127636,1994,J Med Chem,The development of cyclic sulfolanes as novel and high-affinity P2 ligands for HIV-1 protease inhibitors.
CHEMBL1127657,1994,J Med Chem,Haloperidol-based irreversible inhibitors of the HIV-1 and HIV-2 proteases.
CHEMBL1127692,1994,J Med Chem,Application of the three-dimensional structures of protein target molecules in structure-based drug design.
CHEMBL1127743,1994,J Med Chem,Structure-based design of HIV-1 protease inhibitors: replacement of two amides and a 10 pi-aromatic system by a fused bis-tetrahydrofuran.
CHEMBL1127784,1994,J Med Chem,Design and synthesis of peptidomimetic inhibitors of HIV-1 protease and renin. Evidence for improved transport.
CHEMBL1127848,1994,J Med Chem,Three-dimensional quantitative structure-activity relationship of human immunodeficiency virus (I) protease inhibitors. 2. Predictive power using limited exploration of alternate binding modes.
CHEMBL1127883,1994,Bioorg Med Chem Lett,Increased antiviral activity of HIV protease inhibitors of the difluorostatone type bearing (R)-valinol derivatives as novel c-termini
CHEMBL1127904,1994,Bioorg Med Chem Lett,D-amino acids as novel P2/P3 ligands for inhibitors of HIV-1 protease
CHEMBL1127971,1994,Bioorg Med Chem Lett,"Novel conformationally constrained HIV-1 protease inhibitors: rational design, enzyme inhibition, and X-ray structure of an enzyme-inhibtor complex"
CHEMBL1127974,1994,Bioorg Med Chem Lett,"Design, synthesis, and activity of conformationally-constrained macrocyclic peptide-based inhibitors of HIV protease"
CHEMBL1127978,1994,Bioorg Med Chem Lett,A new hydroxyethylamine class of HIV-1 protease inhibitors with high antiviral potency and oral bioavailability
CHEMBL1127984,1994,Bioorg Med Chem Lett,Beneficial replacement of the P1 phenylalanine side chain in HIV-1 protease inhibitors of the difluorostatone type
CHEMBL1128000,1994,Bioorg Med Chem Lett,Synthesis and antiviral activity of a novel class of HIV-1 protease inhibitors containing a heterocyclic P1-P2 amide bond isostere
CHEMBL1128012,1994,Bioorg Med Chem Lett,Non-peptide-based inhibitors of human immunodeficiency virus-1 protease
CHEMBL1128024,1994,Bioorg Med Chem Lett,Carbocyclic analogues of hydroxyethylamine containing inhibitors of HIV proteinase
CHEMBL1128025,1994,Bioorg Med Chem Lett,"Synthesis and evaluation of pyridyl analogs of L-735,524: Potent HIV-1 protease inhibitors"
CHEMBL1128041,1995,Bioorg Med Chem Lett,Thiophene derivatives as extremely high affinity P3 ligands for the hydroxyethylpiperazine class of HIV-1 protease inhibitors
CHEMBL1128078,1995,Bioorg Med Chem Lett,Evaluation of substituted benzamides as P2 ligands for symmetry-based inhibitors of HIV protease
CHEMBL1128091,1995,Bioorg Med Chem Lett,Ly316340: A potent HIV-1 protease inhibitor containing a high affinity octahydrothienopyridine hydroxyethylamine isostere
CHEMBL1128092,1995,Bioorg Med Chem Lett,"Potent, orally bioavailable HIV-1 protease inhibitors containing noncoded D-amino acids"
CHEMBL1128104,1995,Bioorg Med Chem Lett,A bis-[N-3-(1-hydroxy-1-methyl-ethyl)-benzyl)-cyclic urea as a HIV protease inhibitor
CHEMBL1128144,1995,Bioorg Med Chem Lett,Cyclic sulfone-3-carboxamides as novel P2-ligands for Ro 31-8959 based HIV-1 protease inhibitors
CHEMBL1128181,1995,J Med Chem,Structure-based design of nonpeptidic HIV protease inhibitors from a cyclooctylpyranone lead structure.
CHEMBL1128214,1995,J Med Chem,Structure-based design of sulfonamide-substituted non-peptidic HIV protease inhibitors.
CHEMBL1128227,1995,J Med Chem,Cosalane analogues with enhanced potencies as inhibitors of HIV-1 protease and integrase.
CHEMBL1128235,1995,J Med Chem,Inhibitors of HIV-1 protease containing the novel and potent (R)-(hydroxyethyl)sulfonamide isostere.
CHEMBL1128389,1995,J Med Chem,Thiadiazole derivatives: highly potent and specific HIV-1 reverse transcriptase inhibitors.
CHEMBL1128438,1995,J Med Chem,A priori prediction of activity for HIV-1 protease inhibitors employing energy minimization in the active site.
CHEMBL1128495,1995,J Med Chem,Synthetic chemical diversity: solid phase synthesis of libraries of C2 symmetric inhibitors of HIV protease containing diamino diol and diamino alcohol cores.
CHEMBL1128496,1995,J Med Chem,Anti-AIDS (acquired immune deficiency syndrome) agents. 17. New brominated hexahydroxybiphenyl derivatives as potent anti-HIV agents.
CHEMBL1128516,1995,J Med Chem,A check on rational drug design: crystal structure of a complex of human immunodeficiency virus type 1 protease with a novel gamma-turn mimetic inhibitor.
CHEMBL1128607,1995,J Med Chem,Structure-based design of novel HIV protease inhibitors: carboxamide-containing 4-hydroxycoumarins and 4-hydroxy-2-pyrones as potent nonpeptidic inhibitors.
CHEMBL1128633,1995,Bioorg Med Chem Lett,Synthesis and pharmacokinetics of potent carbamate HIV-1 protease inhibitors containing novel high affinity hydroxyethylamine isosteres
CHEMBL1128706,1995,J Med Chem,Nonpeptidic potent HIV-1 protease inhibitors: (4-hydroxy-6-phenyl-2-oxo-2H- pyran-3-yl)thiomethanes that span P1-P2' subsites in a unique mode of active site binding.
CHEMBL1128784,1995,Bioorg Med Chem Lett,Symmetry-based HIV Protease inhibitors: rational design of 2-methylbenzamides as novel P2/P2 ligands
CHEMBL1128794,1995,Bioorg Med Chem Lett,"Rational design of irreversible, pseudo-C2-symmetric hiv-1 protease inhibitors"
CHEMBL1128832,1995,Bioorg Med Chem Lett,Substituted alkylpyridines as P3 ligands for the hydroxyethylpiperazine class of HIV-1 protease inhibitors: Improved pharmacokinetic profiles
CHEMBL1128839,1995,Bioorg Med Chem Lett,"Aminodiol HIV protease inhibitors. 2. 1,1-Dimethyl-2-hydroxyethyl carbamate derivatives with enhanced potency"
CHEMBL1128865,1995,Bioorg Med Chem Lett,A systematic study of P1P3 spanning sidechains for the inhibition of HIV-1 protease
CHEMBL1128866,1995,Bioorg Med Chem Lett,Isophthalic acid derivatives: amino acid surrogates for the inhibition of HIV-1 protease
CHEMBL1128867,1995,Bioorg Med Chem Lett,Structure-based drug design of nonpeptidic P2 substituents for HIV-1 protease inhibitors
CHEMBL1128944,1996,Bioorg Med Chem Lett,Potent cyclic urea HIV protease inhibitors with benzofused heterocycles as P2/P2 groups
CHEMBL1128989,1996,Bioorg Med Chem Lett,"-Methanesulfonyl-L-valine as a novel, unnatural amino acid surrogate for P2 in the design of HIV protease inhibitors."
CHEMBL1128990,1996,Bioorg Med Chem Lett,"Design, synthesis, and characterization of dipeptide isostere containing cis-epoxide for the irreversible inactivation of HIV protease"
CHEMBL1129048,1996,J Med Chem,"A novel, picomolar inhibitor of human immunodeficiency virus type 1 protease."
CHEMBL1129084,1996,Bioorg Med Chem Lett,Structure-activity relationships for macrocyclic peptidomimetic inhibitors of HIV-1 protease
CHEMBL1129166,1996,Bioorg Med Chem Lett,"Design and synthesis of novel, pseudo C2 symmetric inhibitors of HIV protease"
CHEMBL1129270,1996,J Med Chem,Aza-peptide analogs as potent human immunodeficiency virus type-1 protease inhibitors with oral bioavailability.
CHEMBL1129303,1996,J Med Chem,Potent human immunodeficiency virus type 1 protease inhibitors that utilize noncoded D-amino acids as P2/P3 ligands.
CHEMBL1129312,1996,J Med Chem,Aminodiol HIV protease inhibitors. Synthesis and structure-activity relationships of P1/P1' compounds: correlation between lipophilicity and cytotoxicity.
CHEMBL1129316,1996,J Med Chem,"Inhibitors of human immunodeficiency virus type 1 protease containing 2-aminobenzyl-substituted 4-amino-3-hydroxy-5-phenylpentanoic acid: synthesis, activity, and oral bioavailability."
CHEMBL1129342,1996,J Med Chem,Structure-based design of novel HIV protease inhibitors: sulfonamide-containing 4-hydroxycoumarins and 4-hydroxy-2-pyrones as potent non-peptidic inhibitors.
CHEMBL1129349,1996,J Med Chem,Antiretroviral agents as inhibitors of both human immunodeficiency virus type 1 integrase and protease.
CHEMBL1129364,1996,J Med Chem,Pyrrolobenzothiazepinones and pyrrolobenzoxazepinones: novel and specific non-nucleoside HIV-1 reverse transcriptase inhibitors with antiviral activity.
CHEMBL1129371,1996,J Med Chem,Bis tertiary amide inhibitors of the HIV-1 protease generated via protein structure-based iterative design.
CHEMBL1129402,1996,J Med Chem,"Structure-based design of HIV protease inhibitors: 5,6-dihydro-4-hydroxy-2-pyrones as effective, nonpeptidic inhibitors."
CHEMBL1129454,1996,J Med Chem,HIV protease inhibitory bis-benzamide cyclic ureas: a quantitative structure-activity relationship analysis.
CHEMBL1129527,1996,J Med Chem,"Synthesis, chromatographic resolution, and anti-human immunodeficiency virus activity of (+/-)-calanolide A and its enantiomers."
CHEMBL1129607,1996,J Med Chem,Paracyclophanes: a novel class of water-soluble inhibitors of HIV proteinase.
CHEMBL1129619,1996,J Med Chem,"New series of potent, orally bioavailable, non-peptidic cyclic sulfones as HIV-1 protease inhibitors."
CHEMBL1129626,1996,J Med Chem,"Cyclic HIV protease inhibitors: synthesis, conformational analysis, P2/P2' structure-activity relationship, and molecular recognition of cyclic ureas."
CHEMBL1129709,1996,Bioorg Med Chem Lett,(Hydroxyethyl) sulfonamide HIV-1 Protease inhibitors: Identification of the 2-methylbenzoyl moiety at P-2
CHEMBL1129728,1996,J Med Chem,Structure-based design and synthesis of substituted 2-butanols as nonpeptidic inhibitors of HIV protease: secondary amide series.
CHEMBL1129746,1996,J Med Chem,"Structure-based design of HIV protease inhibitors: sulfonamide-containing 5,6-dihydro-4-hydroxy-2-pyrones as non-peptidic inhibitors."
CHEMBL1129760,1996,Bioorg Med Chem Lett,A topliss tree analysis of the HIV-protease inhibitory activity of 6-phenyl-4-hydroxy-pyran-2-ones
CHEMBL1129785,1996,J Med Chem,Preparation and structure-activity relationship of novel P1/P1'-substituted cyclic urea-based human immunodeficiency virus type-1 protease inhibitors.
CHEMBL1129800,1996,J Med Chem,Cycloalkylpyranones and cycloalkyldihydropyrones as HIV protease inhibitors: exploring the impact of ring size on structure-activity relationships.
CHEMBL1129838,1997,Bioorg Med Chem Lett,Synthesis and pharmacological evaluation of sulfone substituted HIV protease inhibitors
CHEMBL1129848,1997,Bioorg Med Chem Lett,Synthesis and evaluation of imidazolidinones as nonpeptide HIV-protease inhibitors
CHEMBL1129849,1997,Bioorg Med Chem Lett,Synthesis and evaluation of delta lactams as nonpeptide HIV-protease inhibitors
CHEMBL1129971,1997,J Med Chem,"Cyclic HIV-1 protease inhibitors derived from mannitol: synthesis, inhibitory potencies, and computational predictions of binding affinities."
CHEMBL1129987,1997,J Med Chem,Structure-based design of nonpeptidic HIV protease inhibitors: the sulfonamide-substituted cyclooctylpyramones.
CHEMBL1130027,1997,J Med Chem,"Improved P1/P1' substituents for cyclic urea based HIV-1 protease inhibitors: synthesis, structure-activity relationship, and X-ray crystal structure analysis."
CHEMBL1130044,1997,J Med Chem,"Design, synthesis, and evaluation of tetrahydropyrimidinones as an example of a general approach to nonpeptide HIV protease inhibitors."
CHEMBL1130086,1997,J Med Chem,Potent HIV protease inhibitors containing a novel (hydroxyethyl)amide isostere.
CHEMBL1130161,1997,J Med Chem,Cyclic urea amides: HIV-1 protease inhibitors with low nanomolar potency against both wild type and protease inhibitor resistant mutants of HIV.
CHEMBL1130235,1997,J Med Chem,"4-hydroxy-5,6-dihydropyrones. 2. Potent non-peptide inhibitors of HIV protease."
CHEMBL1130253,1997,J Med Chem,"Viracept (nelfinavir mesylate, AG1343): a potent, orally bioavailable inhibitor of HIV-1 protease."
CHEMBL1130259,1997,J Med Chem,Nonsymmetrically substituted cyclic urea HIV protease inhibitors.
CHEMBL1130297,1997,J Med Chem,"Synthesis of 5,6-dihydro-4-hydroxy-2-pyrones as HIV-1 protease inhibitors: the profound effect of polarity on antiviral activity."
CHEMBL1130425,1997,J Med Chem,An orally bioavailable pyrrolinone inhibitor of HIV-1 protease: computational analysis and X-ray crystal structure of the enzyme complex.
CHEMBL1130508,1997,Bioorg Med Chem Lett,Synthesis of 7-membered cyclic hydroxyguanidines: Novel HIV-1 protease inhibitors
CHEMBL1130577,1997,Bioorg Med Chem Lett,Synthesis of irreversible HIV-1 protease inhibitors containing sulfonamide and sulfone as amide bond isosteres
CHEMBL1130680,1998,Bioorg Med Chem Lett,"Restricting the flexibility of crosslinked, interfacial peptide inhibitors of HIV-1 protease."
CHEMBL1130717,1998,Bioorg Med Chem Lett,Tricyclic ureas: a new class of HIV-1 protease inhibitors.
CHEMBL1130720,1998,Bioorg Med Chem Lett,"Design, synthesis, and conformational analysis of a novel series of HIV protease inhibitors."
CHEMBL1130721,1998,Bioorg Med Chem Lett,Design and synthesis of novel conformationally restricted HIV protease inhibitors.
CHEMBL1130778,1998,Bioorg Med Chem Lett,The synthesis and evaluation of cyclic ureas as HIV protease inhibitors: modifications of the P1/P1' residues.
CHEMBL1130791,1998,Bioorg Med Chem Lett,Novel HIV-protease inhibitors containing beta-hydroxyether and -thioether dipeptide isostere surrogates: modification of the P3 ligand.
CHEMBL1130798,1998,Bioorg Med Chem Lett,Structure based design: novel spirocyclic ethers as nonpeptidal P2-ligands for HIV protease inhibitors.
CHEMBL1130807,1998,Bioorg Med Chem Lett,The synthesis of symmetrical and unsymmetrical P1/P1' cyclic ureas as HIV protease inhibitors.
CHEMBL1130952,1998,Bioorg Med Chem Lett,NMR and topochemical studies of peptidomimetic HIV-I protease inhibitors containing a cis-epoxide amide isostere.
CHEMBL1131003,1998,J Med Chem,"Nonsymmetric P2/P2' cyclic urea HIV protease inhibitors. Structure-activity relationship, bioavailability, and resistance profile of monoindazole-substituted P2 analogues."
CHEMBL1131004,1998,J Med Chem,Optimizing the binding of fullerene inhibitors of the HIV-1 protease through predicted increases in hydrophobic desolvation.
CHEMBL1131083,1998,J Med Chem,"Tipranavir (PNU-140690): a potent, orally bioavailable nonpeptidic HIV protease inhibitor of the 5,6-dihydro-4-hydroxy-2-pyrone sulfonamide class."
CHEMBL1131116,1998,J Med Chem,Design and synthesis of new potent C2-symmetric HIV-1 protease inhibitors. Use of L-mannaric acid as a peptidomimetic scaffold.
CHEMBL1131211,1998,J Med Chem,"Cyclopropane-derived peptidomimetics. Design, synthesis, evaluation, and structure of novel HIV-1 protease inhibitors."
CHEMBL1131241,1998,J Med Chem,"Cyclic HIV protease inhibitors: design and synthesis of orally bioavailable, pyrazole P2/P2' cyclic ureas with improved potency."
CHEMBL1131273,1998,Bioorg Med Chem Lett,Unsymmetric nonpeptidic HIV protease inhibitors containing anthranilamide as a P2' ligand.
CHEMBL1131279,1998,Bioorg Med Chem Lett,Endothiopeptide inhibitors of HIV-1 protease.
CHEMBL1131343,1998,J Med Chem,"Nonpeptide cyclic cyanoguanidines as HIV-1 protease inhibitors: synthesis, structure-activity relationships, and X-ray crystal structure studies."
CHEMBL1131475,1998,J Med Chem,"Discovery of ritonavir, a potent inhibitor of HIV protease with high oral bioavailability and clinical efficacy."
CHEMBL1131491,1998,J Med Chem,Comparative binding energy analysis of HIV-1 protease inhibitors: incorporation of solvent effects and validation as a powerful tool in receptor-based drug design.
CHEMBL1131511,1998,Bioorg Med Chem Lett,Potent HIV protease inhibitors incorporating high-affinity P2-ligands and (R)-(hydroxyethylamino)sulfonamide isostere.
CHEMBL1131526,1998,Bioorg Med Chem Lett,Non-peptidic HIV protease inhibitors: C2-symmetry-based design of bis-sulfonamide dihydropyrones.
CHEMBL1131594,1998,J Med Chem,Stereoisomers of cyclic urea HIV-1 protease inhibitors: synthesis and binding affinities.
CHEMBL1131658,1998,Bioorg Med Chem Lett,Potent cyclic urea HIV protease inhibitors with 3-aminoindazole P2/P2' groups.
CHEMBL1131680,1999,Bioorg Med Chem Lett,Structure-based design of diaminopyranosides as a novel inhibitor core unit of HIV proteases.
CHEMBL1131797,1999,Bioorg Med Chem Lett,"4-hydroxy-5,6-dihydro-2H-pyran-2-ones.3. Bicyclic and hetero-aromatic ring systems as 3-position scaffolds to bind to S1' and S2' of the HIV-1 protease enzyme."
CHEMBL1131822,1999,Bioorg Med Chem Lett,"Nonpeptidic HIV protease inhibitors: 6-alkyl-5,6-dihydropyran-2-ones possessing a novel and achiral 3-(2-t-butyl-5-methyl-4-sulfamate)phenylthio moiety."
CHEMBL1131882,1999,Bioorg Med Chem Lett,Unsymmetrical cyclic ureas as HIV-1 protease inhibitors: novel biaryl indazoles as P2/P2' substituents.
CHEMBL1132110,1999,J Med Chem,Design and fast synthesis of C-terminal duplicated potent C(2)-symmetric P1/P1'-modified HIV-1 protease inhibitors.
CHEMBL1132164,1999,Bioorg Med Chem Lett,"Nonpeptidic HIV protease inhibitors: 6-alkyl-5,6-dihydropyran-2-ones possessing achiral 3-(4-amino/carboxamide-2-t-butyl,5-methylphenyl thio) moiety: antiviral activities and pharmacokinetic properties."
CHEMBL1132192,1999,J Med Chem,"Design, synthesis, and evaluation of conformationally constrained tongs, new inhibitors of HIV-1 protease dimerization."
CHEMBL1132197,1999,J Med Chem,"Stereospecific synthesis, structure-activity relationship, and oral bioavailability of tetrahydropyrimidin-2-one HIV protease inhibitors."
CHEMBL1132212,1999,J Med Chem,Structure-activity relationship of small-sized HIV protease inhibitors containing allophenylnorstatine.
CHEMBL1132426,1999,J Med Chem,Inhibitors of the C(2)-symmetric HIV-1 protease: nonsymmetric binding of a symmetric cyclic sulfamide with ketoxime groups in the P2/P2' side chains.
CHEMBL1132474,1999,J Med Chem,"Synthesis and biological evaluation of the first N-alkyl cage dimeric 4-aryl-1,4-dihydropyridines as novel nonpeptidic HIV-1 protease inhibitors."
CHEMBL1132498,1999,Bioorg Med Chem Lett,Increased antiviral activity of cyclic urea HIV protease inhibitors by modifying the P1/P1' substituents.
CHEMBL1132660,1999,J Med Chem,Three-dimensional quantitative structure-activity relationship study on cyclic urea derivatives as HIV-1 protease inhibitors: application of comparative molecular field analysis.
CHEMBL1132826,2000,Bioorg Med Chem Lett,"6-Hydroxy-1,3-dioxin-4-ones as non-peptidic HIV protease inhibitors."
CHEMBL1132961,2000,J Med Chem,"5,6-Dihydropyran-2-ones possessing various sulfonyl functionalities: potent nonpeptidic inhibitors of HIV protease."
CHEMBL1132975,2000,J Med Chem,"2',6'-Dimethylphenoxyacetyl: a new achiral high affinity P(3)-P(2) ligand for peptidomimetic-based HIV protease inhibitors."
CHEMBL1132991,2000,J Med Chem,Conformational selection of inhibitors and substrates by proteolytic enzymes: implications for drug design and polypeptide processing.
CHEMBL1133027,2000,Bioorg Med Chem Lett,"Novel inhibitors of HIV protease: design, synthesis and biological evaluation of picomolar inhibitors containing cyclic P1/P2 scaffolds."
CHEMBL1133186,2000,J Med Chem,"A new class of HIV-1 integrase inhibitors: the 3,3,3', 3'-tetramethyl-1,1'-spirobi(indan)-5,5',6,6'-tetrol family."
CHEMBL1133226,2000,Bioorg Med Chem Lett,Combinatorial diversification of indinavir: in vivo mixture dosing of an HIV protease inhibitor library.
CHEMBL1133302,2000,Bioorg Med Chem Lett,Use of proline bioisosteres in potential HIV protease inhibitors: phenylalanine-2-thiophenoxy-3-pyrrolidinone: synthesis and anti-HIV evaluation.
CHEMBL1133448,2000,J Med Chem,Computational studies on HIV-1 protease inhibitors: influence of calculated inhibitor-enzyme binding affinities on the statistical quality of 3D-QSAR CoMFA models.
CHEMBL1133572,2000,J Med Chem,Protease inhibitors: current status and future prospects.
CHEMBL1133609,2000,J Med Chem,DoMCoSAR: a novel approach for establishing the docking mode that is consistent with the structure-activity relationship. Application to HIV-1 protease inhibitors and VEGF receptor tyrosine kinase inhibitors.
CHEMBL1133637,2000,J Med Chem,Identification of MK-944a: a second clinical candidate from the hydroxylaminepentanamide isostere series of HIV protease inhibitors.
CHEMBL1133648,2000,J Med Chem,"Synthesis, stability, antiviral activity, and protease-bound structures of substrate-mimicking constrained macrocyclic inhibitors of HIV-1 protease."
CHEMBL1133692,2000,J Med Chem,Modeling of the inhibition of retroviral integrases by styrylquinoline derivatives.
CHEMBL1133785,2001,Bioorg Med Chem Lett,"Design, synthesis, and biological evaluation of HIV/FIV protease inhibitors incorporating a conformationally constrained macrocycle with a small P3' residue."
CHEMBL1133955,2001,Bioorg Med Chem Lett,Design and synthesis of new inhibitors of HIV-1 protease dimerization with conformationally constrained templates.
CHEMBL1134445,2001,J Med Chem,Design and synthesis of potent C(2)-symmetric diol-based HIV-1 protease inhibitors: effects of fluoro substitution.
CHEMBL1134529,2001,J Med Chem,"4-Hydroxy-5,6-dihydropyrones as inhibitors of HIV protease: the effect of heterocyclic substituents at C-6 on antiviral potency and pharmacokinetic parameters."
CHEMBL1134626,2001,J Med Chem,"Synthesis of potent C(2)-symmetric, diol-based hiv-1 protease inhibitors. Investigation of thioalkyl and thioaryl P1/P1' substituents."
CHEMBL1134627,2001,J Med Chem,"Synthesis of novel, potent, diol-based HIV-1 protease inhibitors via intermolecular pinacol homocoupling of (2S)-2-benzyloxymethyl-4-phenylbutanal."
CHEMBL1134693,2001,J Med Chem,Synthesis and comparative molecular field analysis (CoMFA) of symmetric and nonsymmetric cyclic sulfamide HIV-1 protease inhibitors.
CHEMBL1134703,2001,Bioorg Med Chem Lett,Simplified catechin-gallate inhibitors of HIV-1 reverse transcriptase.
CHEMBL1134822,2001,Bioorg Med Chem Lett,Trifluoromethyl-containing 3-alkoxymethyl- and 3-aryloxymethyl-2-pyridinones are potent inhibitors of HIV-1 non-nucleoside reverse transcriptase.
CHEMBL1134834,2001,J Med Chem,Quinoxalinylethylpyridylthioureas (QXPTs) as potent non-nucleoside HIV-1 reverse transcriptase (RT) inhibitors. Further SAR studies and identification of a novel orally bioavailable hydrazine-based antiviral agent.
CHEMBL1134901,2002,Bioorg Med Chem Lett,Synthesis and activity of novel HIV protease inhibitors with improved potency against multiple PI-resistant viral strains.
CHEMBL1134987,2002,Bioorg Med Chem Lett,Novel spirocyclic pyrrolidones as P2/P1 mimetics in potent inhibitors of HIV-1 protease.
CHEMBL1134992,2002,Bioorg Med Chem Lett,Six-membered cyclic ureas as HIV-1 protease inhibitors: a QSAR study based on CODESSA PRO approach. Quantitative structure-activity relationships.
CHEMBL1135057,2002,Bioorg Med Chem Lett,A combinatorial library of indinavir analogues and its in vitro and in vivo studies.
CHEMBL1135191,2002,Bioorg Med Chem Lett,Novel cyclourethane-derived HIV protease inhibitors: a ring-closing olefin metathesis based strategy.
CHEMBL1135201,2002,Bioorg Med Chem Lett,Combinatorial library of indinavir analogues: replacement for the aminoindanol at P2'.
CHEMBL1135444,2002,J Med Chem,Elucidating the inhibiting mode of AHPBA derivatives against HIV-1 protease and building predictive 3D-QSAR models.
CHEMBL1135521,2002,J Med Chem,Synthesis and antiviral activity of new anti-HIV amprenavir bioisosteres.
CHEMBL1135671,2002,J Med Chem,Relationships between structure and interaction kinetics for HIV-1 protease inhibitors.
CHEMBL1135804,2002,J Med Chem,Beta-strand mimicking macrocyclic amino acids: templates for protease inhibitors with antiviral activity.
CHEMBL1135859,2002,Bioorg Med Chem Lett,Indinavir analogues with blocked metabolism sites as HIV protease inhibitors with improved pharmacological profiles and high potency against PI-resistant viral strains.
CHEMBL1135947,2002,Bioorg Med Chem Lett,Structure-based design and synthesis of HIV-1 protease inhibitors employing beta-D-mannopyranoside scaffolds.
CHEMBL1136017,2002,J Med Chem,Computational studies on tetrahydropyrimidine-2-one HIV-1 protease inhibitors: improving three-dimensional quantitative structure-activity relationship comparative molecular field analysis models by inclusion of calculated inhibitor- and receptor-based properties.
CHEMBL1136138,2003,Bioorg Med Chem Lett,HIV protease inhibitors with picomolar potency against PI-Resistant HIV-1 by extension of the P3 substituent.
CHEMBL1136139,2003,Bioorg Med Chem Lett,"The design, synthesis and evaluation of novel HIV-1 protease inhibitors with high potency against PI-resistant viral strains."
CHEMBL1136245,2003,Bioorg Med Chem Lett,HIV-1 protease inhibitors with picomolar potency against PI-resistant HIV-1 by modification of the P1' substituent.
CHEMBL1136301,2003,Bioorg Med Chem Lett,"1,2,5,6-tetra-O-benzyl-D-mannitol derivatives as novel HIV protease inhibitors."
CHEMBL1136401,2003,Bioorg Med Chem Lett,Design and synthesis of highly potent HIV protease inhibitors with activity against resistant virus.
CHEMBL1136787,2003,J Med Chem,"Design, synthesis, and biological evaluation of monopyrrolinone-based HIV-1 protease inhibitors."
CHEMBL1136822,2003,Bioorg Med Chem Lett,"Synthesis, antiviral activity and pharmacokinetics of P1/P1' substituted 3-aminoindazole cyclic urea HIV protease inhibitors."
CHEMBL1137094,2004,Bioorg Med Chem Lett,Facile incorporation of urea pseudopeptides into protease substrate analogue inhibitors.
CHEMBL1137124,2004,Bioorg Med Chem Lett,Lysine sulfonamides as novel HIV-protease inhibitors: Nepsilon-disubstituted ureas.
CHEMBL1137138,2004,Bioorg Med Chem Lett,Synthesis and antiviral activity of P1' arylsulfonamide azacyclic urea HIV protease inhibitors.
CHEMBL1137166,2004,Bioorg Med Chem Lett,A unidirectional crosslinking strategy for HIV-1 protease dimerization inhibitors.
CHEMBL1137231,2004,J Med Chem,Efficient evaluation of binding free energy using continuum electrostatics solvation.
CHEMBL1137255,2006,J Med Chem,HIV-1 protease mutations and inhibitor modifications monitored on a series of complexes. Structural basis for the effect of the A71V mutation on the active site.
CHEMBL1137295,2006,J Med Chem,Discovery of HIV-1 protease inhibitors with picomolar affinities incorporating N-aryl-oxazolidinone-5-carboxamides as novel P2 ligands.
CHEMBL1137412,2006,J Med Chem,Molecular tongs containing amino acid mimetic fragments: new inhibitors of wild-type and mutated HIV-1 protease dimerization.
CHEMBL1137832,2004,Bioorg Med Chem Lett,P1' oxadiazole protease inhibitors with excellent activity against native and protease inhibitor-resistant HIV-1.
CHEMBL1138097,2006,Bioorg Med Chem Lett,Lysine sulfonamides as novel HIV-protease inhibitors: Nepsilon-acyl aromatic alpha-amino acids.
CHEMBL1138217,2006,J Med Chem,"Rapid discovery and structure-activity profiling of novel inhibitors of human immunodeficiency virus type 1 protease enabled by the copper(I)-catalyzed synthesis of 1,2,3-triazoles and their further functionalization."
CHEMBL1138636,2004,Bioorg Med Chem Lett,Potent inhibitors of the HIV-1 protease incorporating cyclic urea P1-P2 scaffold.
CHEMBL1138637,2004,Bioorg Med Chem Lett,Discovery of potent pyrrolidone-based HIV-1 protease inhibitors with enhanced drug-like properties.
CHEMBL1138692,2004,Bioorg Med Chem Lett,Novel arylsulfonamides possessing sub-picomolar HIV protease activities and potent anti-HIV activity against wild-type and drug-resistant viral strains.
CHEMBL1138847,2004,J Med Chem,Improved structure-activity relationship analysis of HIV-1 protease inhibitors using interaction kinetic data.
CHEMBL1139628,2005,Bioorg Med Chem Lett,Beta-lactam compounds as apparently uncompetitive inhibitors of HIV-1 protease.
CHEMBL1140144,2008,J Med Chem,Solution kinetics measurements suggest HIV-1 protease has two binding sites for darunavir and amprenavir.
CHEMBL1141123,2005,J Med Chem,"Hydroxyethylene sulfones as a new scaffold to address aspartic proteases: design, synthesis, and structural characterization."
CHEMBL1141220,2005,J Med Chem,A new class of HIV-1 protease inhibitors containing a tertiary alcohol in the transition-state mimicking scaffold.
CHEMBL1141237,2005,Bioorg Med Chem Lett,Synthesis and activity of N-acyl azacyclic urea HIV-1 protease inhibitors with high potency against multiple drug resistant viral strains.
CHEMBL1141938,2005,Bioorg Med Chem Lett,Orally bioavailable highly potent HIV protease inhibitors against PI-resistant virus.
CHEMBL1142025,2005,Bioorg Med Chem Lett,"Lysine derivatives as potent HIV protease inhibitors. Discovery, synthesis and structure-activity relationship studies."
CHEMBL1142752,2005,Bioorg Med Chem Lett,Synthesis and antiviral activities of novel N-alkoxy-arylsulfonamide-based HIV protease inhibitors.
CHEMBL1142783,2005,Bioorg Med Chem Lett,Hydrophobicity in the design of P2/P2' tetrahydropyrimidinone HIV protease inhibitors.
CHEMBL1143170,2008,Bioorg Med Chem,Stereocontrolled synthesis and biological activity of two diastereoisomers of the potent HIV-1 protease inhibitor saquinavir.
CHEMBL1143243,2008,J Med Chem,"Design, synthesis, evaluation, and crystallographic-based structural studies of HIV-1 protease inhibitors with reduced response to the V82A mutation."
CHEMBL1143396,2009,J Med Chem,Additivity in the analysis and design of HIV protease inhibitors.
CHEMBL1143555,2005,J Med Chem,Development of low molecular weight HIV-1 protease dimerization inhibitors.
CHEMBL1144371,2005,Bioorg Med Chem Lett,"Design, synthesis, and biological evaluation of novel 4-hydroxypyrone derivatives as HIV-1 protease inhibitors."
CHEMBL1144397,2005,J Med Chem,Structure-based design: synthesis and biological evaluation of a series of novel cycloamide-derived HIV-1 protease inhibitors.
CHEMBL1144922,2003,J Med Chem,Reduction of peptide character of HIV protease inhibitors that exhibit nanomolar potency against multidrug resistant HIV-1 strains.
CHEMBL1145141,2005,Bioorg Med Chem Lett,New 2-bromomethyl-8-substituted-benzo[c]chromen-6-ones. Synthesis and biological properties.
CHEMBL1145235,2005,Bioorg Med Chem Lett,Optimization of pyrrolidinone based HIV protease inhibitors.
CHEMBL1145883,2003,Bioorg Med Chem Lett,Lysine sulfonamides as novel HIV-protease inhibitors: optimization of the Nepsilon-acyl-phenyl spacer.
CHEMBL1145908,2003,J Med Chem,Dimerization inhibitors of HIV-1 protease based on a bicyclic guanidinium subunit.
CHEMBL1145983,2003,J Med Chem,Novel indolyl aryl sulfones active against HIV-1 carrying NNRTI resistance mutations: synthesis and SAR studies.
CHEMBL1146019,2006,J Med Chem,Structure-based design of novel HIV-1 protease inhibitors to combat drug resistance.
CHEMBL1146056,2006,J Med Chem,Microwave-accelerated synthesis of P1'-extended HIV-1 protease inhibitors encompassing a tertiary alcohol in the transition-state mimicking scaffold.
CHEMBL1146139,2006,Bioorg Med Chem Lett,Design and synthesis of novel HIV-1 protease inhibitors incorporating oxyindoles as the P2'-ligands.
CHEMBL1146608,2003,Bioorg Med Chem Lett,Design and synthesis of pseudo-symmetric HIV protease inhibitors containing a novel hydroxymethylcarbonyl (HMC)-hydrazide isostere.
CHEMBL1146635,2003,Bioorg Med Chem Lett,Novel HIV-1 protease inhibitors active against multiple PI-resistant viral strains: coadministration with indinavir.
CHEMBL1146787,2004,Bioorg Med Chem Lett,Novel nonpeptidic inhibitors of HIV-1 protease obtained via a new multicomponent chemistry strategy.
CHEMBL1146907,2006,Bioorg Med Chem Lett,"New, potent P1/P2-morpholinone-based HIV-protease inhibitors."
CHEMBL1147618,2004,Bioorg Med Chem Lett,Crucial amides for dimerization inhibitors of HIV-1 protease.
CHEMBL1148439,2004,J Med Chem,"A phenylnorstatine inhibitor binding to HIV-1 protease: geometry, protonation, and subsite-pocket interactions analyzed at atomic resolution."
CHEMBL1148773,2007,J Med Chem,Potent new antiviral compound shows similar inhibition and structural interactions with drug resistant mutants and wild type HIV-1 protease.
CHEMBL1149114,2004,J Med Chem,Countering cooperative effects in protease inhibitors using constrained beta-strand-mimicking templates in focused combinatorial libraries.
CHEMBL1149172,2004,J Med Chem,"BREED: Generating novel inhibitors through hybridization of known ligands. Application to CDK2, p38, and HIV protease."
CHEMBL1149261,2004,J Med Chem,"New constrained ""molecular tongs"" designed to dissociate HIV-1 protease dimer."
CHEMBL1149449,2006,Bioorg Med Chem Lett,"Design, synthesis, and biological evaluation of monopyrrolinone-based HIV-1 protease inhibitors possessing augmented P2' side chains."
CHEMBL1149463,2006,J Med Chem,"Effectiveness of nonpeptide clinical inhibitor TMC-114 on HIV-1 protease with highly drug resistant mutations D30N, I50V, and L90M."
CHEMBL1149924,1993,Bioorg Med Chem Lett,Structure activity studies on pseudo-symmetrical HIV-1 protease inhibitors
CHEMBL1149941,1993,Bioorg Med Chem Lett,The design and synthesis of novel hydroxyproline inhibitors of HIV-1 proteinase
CHEMBL1149949,1996,Bioorg Med Chem Lett,Nonpeptidic HIV protease inhibitors: 3-(S-benzyl substituted)-4-hydroxy-6-(phenyl substituted)-2H-pyran-2-one with an inverse mode of binding
CHEMBL1149966,1997,Bioorg Med Chem Lett,Lack of stereospecificity in the binding of the P2 amino acid of ritonavir to HIV protease
CHEMBL1149976,1994,Bioorg Med Chem Lett,"Novel, extended transition state mimic in HIV-1 protease inhibitors with peripheral C-2-symmetry"
CHEMBL1150036,1997,Bioorg Med Chem Lett,Functionalized aliphatic P2/P2 analogs of HIV-1 protease inhibitor DMP323
CHEMBL1150433,1996,Bioorg Med Chem Lett,Synthesis and activity of conformationally-constrained macrocyclic norstatine-based inhibitors of HIV protease
CHEMBL1150457,1995,Bioorg Med Chem Lett,-hydroxyamide derived aminodiols as potent inhibitors of hiv protease
CHEMBL1150484,1995,Bioorg Med Chem Lett,"Structure-based design of achiral anthranilamides as P2/P2 surrogates for symmetry-based HIV protease inhibitors: design, synthesis, X-ray structure, enzyme inhibition and antiviral activity"
CHEMBL1150509,1995,Bioorg Med Chem Lett,Cycloalkylpiperazines as HIV-1 protease inhibitors: enhanced oral absorption
CHEMBL1150540,1996,Bioorg Med Chem Lett,Aromatic P1 replacements for the highly potent HIV-1 protease inhibitor CRIXIVAN
CHEMBL1151027,1994,Bioorg Med Chem Lett,Inhibition of human immunodeficiency virus-1 protease by a C2-symmetrical phosphinic acid amide
CHEMBL1151034,1994,Bioorg Med Chem Lett,De novo design of nonpeptidic HIV-1 protease inhibitors: Incorporation of structural water.
CHEMBL1151057,1993,Bioorg Med Chem Lett,Difunctional enols of N-protected amino acids as low molecular weight and novel inhibitors of HIV-1 protease.
CHEMBL1151581,1994,Bioorg Med Chem Lett,New dipeptide isosteres useful for the inhibition of HIV-1 protease
CHEMBL1151605,1995,Bioorg Med Chem Lett,2-Heterocyclic indole-3-sulfones as inhibitors of HIV-1 reverse transcriptase
CHEMBL1152012,1996,Bioorg Med Chem Lett,Synthesis of (+)-biotin derivatives as HIV-1 protease inhibitors
CHEMBL1152026,1991,Bioorg Med Chem Lett,Phosphonamidates and phosphonamidate esters as HIV-1 protease inhibitors
CHEMBL1152053,1993,Bioorg Med Chem Lett,Nonpeptide HIV protease inhibitors designed to replace a bound water
CHEMBL1152102,1996,Bioorg Med Chem Lett,"6-Phenyl-6-alkylamido-5,6-dihydro-2H-pyran-2-ones: novel HIV protease inhibitors"
CHEMBL1154744,2010,J Med Chem,HIV-1 protease inhibitors with a transition-state mimic comprising a tertiary alcohol: improved antiviral activity in cells.
CHEMBL1155257,2009,Bioorg Med Chem,Proteochemometrics mapping of the interaction space for retroviral proteases and their substrates.
CHEMBL1155806,2008,J Med Chem,Inorganic polyhedral metallacarborane inhibitors of HIV protease: a new approach to overcoming antiviral resistance.
CHEMBL1159158,1996,Bioorg Med Chem Lett,Cyclic urea HIV protease inhibitors containing alkynyl- and alkenyl-tethered heterocycles in the P2 region
CHEMBL1159181,1993,Bioorg Med Chem Lett,Short and unexpectedly potent difluorostatone type inhibitors of HIV-1 protease
CHEMBL1828574,2011,Eur J Med Chem,Synthesis and structural studies of pentacycloundecane-based HIV-1 PR inhibitors: a hybrid 2D NMR and docking/QM/MM/MD approach.
CHEMBL2040774,2012,J Med Chem,Potent antiviral HIV-1 protease inhibitor GRL-02031 adapts to the structures of drug resistant mutants with its P1'-pyrrolidinone ring.
CHEMBL2163218,2012,J Med Chem,"Design, synthesis, and biological and structural evaluations of novel HIV-1 protease inhibitors to combat drug resistance."
CHEMBL2311291,2013,J Med Chem,Novel P2 tris-tetrahydrofuran group in antiviral compound 1 (GRL-0519) fills the S2 binding pocket of selected mutants of HIV-1 protease.
CHEMBL3392998,2014,J Med Chem,An allosteric modulator of HIV-1 protease shows equipotent inhibition of wild-type and drug-resistant proteases.
CHEMBL4004851,2017,J Med Chem,Room Temperature Neutron Crystallography of Drug Resistant HIV-1 Protease Uncovers Limitations of X-ray Structural Analysis at 100 K.
CHEMBL4321790,2019,J Med Chem,Why Some Targets Benefit from beyond Rule of Five Drugs.
CHEMBL4616626,2020,Bioorg Med Chem Lett,"Design, synthesis and biological evaluation of HIV-1 protease inhibitors with morpholine derivatives as P2 ligands in combination with cyclopropyl as P1' ligand."
CHEMBL4616700,2020,ACS Med Chem Lett,Novel HIV-1 Protease Inhibitors with Morpholine as the P2 Ligand to Enhance Activity against DRV-Resistant Variants.
CHEMBL4622969,2020,Bioorg Med Chem,Design and biological evaluation of novel HIV-1 protease inhibitors with isopropanol as P1' ligand to enhance binding with S1' subsite.
CHEMBL4627412,2020,J Med Chem,Structural Analysis of Potent Hybrid HIV-1 Protease Inhibitors Containing Bis-tetrahydrofuran in a Pseudosymmetric Dipeptide Isostere.
CHEMBL4680127,2020,Eur J Med Chem,Rational design and Structure-Activity relationship of coumarin derivatives effective on HIV-1 protease and partially on HIV-1 reverse transcriptase.
CHEMBL4725443,2020,ACS Med Chem Lett,"Design, Synthesis, and X-ray Studies of Potent HIV-1 Protease Inhibitors with P2-Carboxamide Functionalities."
CHEMBL4732045,2020,J Med Chem,"Amide Bond Bioisosteres: Strategies, Synthesis, and Successes."
CHEMBL4825676,2021,Eur J Med Chem,Design and biological evaluation of cinnamic and phenylpropionic amide derivatives as novel dual inhibitors of HIV-1 protease and reverse transcriptase.
CHEMBL4837199,2021,Eur J Med Chem,Design and evaluation of novel piperidine HIV-1 protease inhibitors with potency against DRV-resistant variants.
CHEMBL5036316,2021,J Med Chem,Re-emerging Aspartic Protease Targets: Examining <i>Cryptococcus neoformans</i> Major Aspartyl Peptidase 1 as a Target for Antifungal Drug Discovery.
CHEMBL5104099,2022,Bioorg Med Chem,Recent applications of seven-membered rings in drug design.
CHEMBL5113542,2022,ACS Med Chem Lett,Highly Potent and Oral Macrocyclic Peptides as a HIV-1 Protease Inhibitor: mRNA Display-Derived Hit-to-Lead Optimization.
CHEMBL5143688,2022,Bioorg Med Chem,A kind of HIV-1 protease inhibitors containing phenols with antiviral activity against DRV-resistant variants.
CHEMBL5154794,2022,Eur J Med Chem,"Design, synthesis and biological evaluation of protease inhibitors containing morpholine cores with remarkable potency against both HIV-1 subtypes B and C."
CHEMBL5154858,2022,J Med Chem,Pocket-to-Lead: Structure-Based <i>De Novo</i> Design of Novel Non-peptidic HIV-1 Protease Inhibitors Using the Ligand Binding Pocket as a Template.
CHEMBL5223182,2023,ACS Med Chem Lett,Inhibition of HIV-1 Protease by a Boronic Acid with High Oxidative Stability.
CHEMBL5226360,2022,Bioorg Med Chem Lett,Pseudoprolines as stereoelectronically tunable proline isosteres.
CHEMBL5233243,2020,Eur J Med Chem,Design and discovery of boronic acid drugs.
CHEMBL5244275,2021,J Med Chem,"Geminal Diheteroatomic Motifs: Some Applications of Acetals, Ketals, and Their Sulfur and Nitrogen Homologues in Medicinal Chemistry and Drug Design."
CHEMBL5252512,2016,J Med Chem,Recent Progress in the Development of HIV-1 Protease Inhibitors for the Treatment of HIV/AIDS.
CHEMBL5252561,2023,Bioorg Med Chem Lett,"Evaluation of darunavir-derived HIV-1 protease inhibitors incorporating P2' amide-derivatives: Synthesis, biological evaluation and structural studies."
CHEMBL5257032,2016,Eur J Med Chem,Therapeutic potential of coumarins as antiviral agents.
CHEMBL5260814,2017,Eur J Med Chem,Design strategies in the prodrugs of HIV-1 protease inhibitors to improve the pharmaceutical properties.
CHEMBL5321230,2023,Eur J Med Chem,"Design, synthesis, and biological evaluation of novel HIV-1 protease inhibitors containing pyrrolidine-derived P2 ligands to combat drug-resistant variant."
CHEMBL5321239,2023,Eur J Med Chem,"Exploration of imatinib and nilotinib-derived templates as the P2-Ligand for HIV-1 protease inhibitors: Design, synthesis, protein X-ray structural studies, and biological evaluation."
CHEMBL5335778,2023,Eur J Med Chem,Bench-to-bedside: Innovation of small molecule anti-SARS-CoV-2 drugs in China.
CHEMBL5335807,2024,Bioorg Med Chem Lett,"Rational design, synthesis and biological evaluation of novel HIV-1 protease inhibitors containing 2-phenylacetamide derivatives as P2 ligands with potent activity against DRV-Resistant HIV-1 variants."
CHEMBL5344475,2024,RSC Med Chem,"Indole-containing pharmaceuticals: targets, pharmacological activities, and SAR studies."
CHEMBL5352464,2023,Eur J Med Chem,Structure based design and evaluation of benzoheterocycle derivatives as potential dual HIV-1 protease and reverse transcriptase inhibitors.
CHEMBL5505957,2024,Eur J Med Chem,Click chemistry-aided drug discovery: A retrospective and prospective outlook.
CHEMBL5532763,2024,RSC Med Chem,Unveiling sultam in drug discovery: spotlight on the underexplored scaffold.
CHEMBL5537109,2023,Eur J Med Chem,Natural products as potential lead compounds to develop new antiviral drugs over the past decade.
CHEMBL5634071,2023,Eur J Med Chem,Fluorine in anti-HIV drugs approved by FDA from 1981 to 2023.
